,cell1_cu_watts,cell1_du_watts,cell1_ru_watts,cell1_cu_joules,cell1_du_joules,cell1_ru_joules,cell1_total_watts,cell1_total_joules,cell2_cu_watts,cell2_du_watts,cell2_ru_watts,cell2_cu_joules,cell2_du_joules,cell2_ru_joules,cell2_total_watts,cell2_total_joules
2025-09-29 15:15:00,0.053532189356970454,11.348824143682606,51.1,27564.651158,137989.643075,255.5,62.50235633303958,165809.794233,0.053532189356970454,12.151806984045683,50.9,27564.651158,148214.631778,254.5,63.105339173402655,176033.782936
2025-09-29 15:15:05,0.06751059751066757,11.071737991780182,51.2,27564.973809000003,138052.617354,511.5,62.339248589290854,166129.09116299998,0.06751059751066757,12.354439344450629,50.8,27564.973809000003,148281.899084,508.5,63.22194994196129,176355.37289300002
2025-09-29 15:15:10,0.09647622922609736,11.866576194834108,51.2,27565.286446,138106.550258,767.5,63.16305242406021,166439.33670400002,0.09647622922609736,12.590147914019965,51.0,27565.286446,148338.977129,763.5,63.686624143246064,176667.763575
2025-09-29 15:15:15,0.092471084612741,11.697592203516994,51.1,27565.587548000003,138169.589936,1023.0,62.89006328812974,166758.177484,0.092471084612741,11.373943407373451,50.8,27565.587548000003,148404.81869999997,1017.5,62.26641449198619,176987.90624799998
2025-09-29 15:15:20,0.050413676478785335,12.099282354926821,51.1,27565.896006,138233.951327,1278.5,63.249696031405605,167078.34733299998,0.050413676478785335,12.754660149156761,50.7,27565.896006,148470.812689,1271.0,63.50507382563555,177307.708695
2025-09-29 15:15:25,0.05982724748138435,11.546658763919421,51.2,27566.200151,138294.38157799997,1534.5,62.80648601140081,167395.08172899997,0.05982724748138435,11.546658763919421,50.7,27566.200151,148530.308283,1524.5,62.30648601140081,177621.008434
2025-09-29 15:15:30,0.07600063076107182,11.552095875696743,51.1,27566.565108,138354.770788,1790.0,62.72809650645782,167711.335896,0.07600063076107182,11.85609839874794,50.9,27566.565108,148593.12774099997,1779.0,62.83209902950901,177938.69284899998
2025-09-29 15:15:35,0.08908716542589312,11.091352095540909,51.2,27566.824233000003,138412.29587200002,2046.0,62.3804392609668,168025.120105,0.08908716542589312,10.86863418196301,51.0,27566.824233000003,148649.316093,2034.0,61.957721347388905,178250.140326
2025-09-29 15:15:40,0.048554112513805175,11.89575756589662,51.2,27567.130885000002,138475.506219,2302.0,63.14431167841043,168344.637104,0.048554112513805175,12.235636353492152,50.9,27567.130885000002,148711.695352,2288.5,63.18419046600596,178567.326237
2025-09-29 15:15:45,0.046234124655650057,10.541380421492418,51.2,27567.431669,138534.498009,2558.0,61.78761454614807,168659.92967800001,0.046234124655650057,11.188658166669418,50.7,27567.431669,148774.322571,2542.0,61.93489229132507,178883.75424
2025-09-29 15:15:50,0.06718255240026533,13.10059771806854,51.1,27567.790144,138595.27534599998,2813.5,64.2677802704688,168976.56548999998,0.06718255240026533,13.033415165654528,50.8,27567.790144,148835.075383,2796.0,63.90059771805479,179198.865527
2025-09-29 15:15:55,0.0740396294457376,11.476142564094378,50.9,27568.083568,138653.351114,3068.0,62.450182193540115,169289.434682,0.0740396294457376,11.179984046304693,51.0,27568.083568,148893.66190900002,3051.0,62.25402367575043,179512.74547700002
2025-09-29 15:16:00,0.094120465740323,11.24739565597609,51.2,27568.398560999998,138709.30562899998,3324.0,62.54151612171641,169601.70419,0.094120465740323,11.765058217551076,50.9,27568.398560999998,148950.933852,3305.5,62.759178683291395,179824.832413
2025-09-29 15:16:05,0.04786875210285228,12.015056777836602,51.2,27568.680947,138781.087674,3580.0,63.26292552993946,169929.768621,0.04786875210285228,11.632106761005078,50.9,27568.680947,149020.74268,3560.0,62.579975513107925,180149.423627
2025-09-29 15:16:10,0.11151710429049448,13.103259754136902,51.2,27569.101802,138846.959662,3836.0,64.4147768584274,170252.061464,0.11151710429049448,12.824466993414473,50.9,27569.101802,149083.62538699998,3814.5,63.835984097704966,180467.22718899997
2025-09-29 15:16:15,0.061998725215154794,11.65576034046602,51.2,27569.419864,138909.47319000002,4092.0,62.91775906568118,170570.89305400001,0.061998725215154794,11.903755241332277,50.7,27569.419864,149145.483172,4068.0,62.665753966547435,180782.903036
2025-09-29 15:16:20,0.09081229939964214,13.803469508762124,51.2,27570.016390999997,138973.463495,4348.0,65.09428180816177,170891.479886,0.09081229939964214,12.713721915941639,50.9,27570.016390999997,149209.633309,4322.5,63.70453421534128,181102.1497
2025-09-29 15:16:25,0.09763879833105975,12.546585585515507,51.2,27570.335307,139032.764334,4604.0,63.844224383846566,171207.099641,0.09763879833105975,11.619017001378628,51.0,27570.335307,149267.335543,4577.5,62.716655799709685,181415.17085
2025-09-29 15:16:30,0.09332502267995396,11.338990255593847,51.2,27570.645224,139096.800621,4860.0,62.63231527827381,171527.445845,0.09332502267995396,11.478977789608079,51.0,27570.645224,149332.08839699998,4832.5,62.57230281228803,181735.233621
2025-09-29 15:16:35,0.054373891766361676,11.79913451323465,51.2,27570.976023,139162.969753,5116.0,63.05350840500101,171849.945776,0.054373891766361676,12.397247322664938,50.7,27570.976023,149399.78783000002,5086.0,63.1516212144313,182056.763853
2025-09-29 15:16:40,0.06533225152351732,11.433144016560941,51.0,27571.285276,139224.882482,5371.0,62.49847626808446,172167.167758,0.06533225152351732,11.759805274195983,50.7,27571.285276,149461.32619499997,5339.5,62.5251375257195,182372.11147099998
2025-09-29 15:16:45,0.08280901903805438,10.930790512968574,51.1,27571.586452,139288.139474,5626.5,62.11359953200663,172486.22592599998,0.08280901903805438,10.68236345586524,50.9,27571.586452,149522.784052,5594.0,61.665172474903294,182688.370504
2025-09-29 15:16:50,0.10710168050691393,13.119955862056015,51.2,27571.985348000002,139350.497967,5882.5,64.42705754256293,172804.98331500002,0.10710168050691393,12.798650820548364,50.9,27571.985348000002,149585.672336,5848.5,63.805752501055274,183006.15768399998
2025-09-29 15:16:55,1.3223235150681962,12.562073393132975,51.2,27573.644156000002,139417.20328299998,6138.5,65.08439690820117,173129.34743899998,1.3223235150681962,13.019800763752663,50.9,27573.644156000002,149654.999679,6103.0,65.24212427882085,183331.643835
2025-09-29 15:17:00,0.05729050304019514,11.85913412932951,51.2,27574.252098,139478.515157,6394.5,63.11642463236971,173447.26725499998,0.05729050304019514,12.718491674941557,50.9,27574.252098,149718.790655,6357.5,63.67578217798175,183650.542753
2025-09-29 15:17:05,0.07085495674667645,11.620212906461383,51.2,27574.582093,139542.194459,6650.5,62.891067863208065,173767.276552,0.07085495674667645,12.187052560447684,50.9,27574.582093,149784.908444,6612.0,63.15790751719436,183971.490537
2025-09-29 15:17:10,0.09849039615203696,12.06507352862117,51.2,27574.907508999997,139598.376713,6906.5,63.36356392477321,174079.784222,0.09849039615203696,12.212809122861541,50.9,27574.907508999997,149843.460015,6866.5,63.21129951901358,184284.867524
2025-09-29 15:17:15,0.05671011849610523,13.610428439085887,51.2,27575.23884,139665.89359,7162.5,64.867138557582,174403.63243,0.05671011849610523,14.064109387044411,50.8,27575.23884,149911.94493199998,7120.5,64.92081950554052,184607.683772
2025-09-29 15:17:20,0.10855000528465107,12.808900623583892,51.2,27575.607772,139730.33878100003,7418.5,64.11745062886854,174724.44655300002,0.10855000528465107,13.405925652672918,50.9,27575.607772,149978.91361699998,7375.0,64.41447565795757,184929.52138899997
2025-09-29 15:17:25,0.05937974747800755,11.519671010670683,51.1,27575.970830000002,139791.690679,7674.0,62.67905075814869,175041.661509,0.05937974747800755,11.460291263202464,51.0,27575.970830000002,150039.526801,7630.0,62.51967101068047,185245.497631
2025-09-29 15:17:30,0.08178971665248659,12.43203693119284,51.2,27576.392756999998,139856.400671,7930.0,63.71382664784533,175362.793428,0.08178971665248659,11.777719197987823,50.8,27576.392756999998,150100.59236100002,7884.0,62.659508914640305,185560.985118
2025-09-29 15:17:35,0.09598029760031912,11.9975372000508,51.1,27576.826585,139916.107735,8185.5,63.19351749765112,175678.43432,0.09598029760031912,11.613616009658255,50.8,27576.826585,150159.425996,8138.0,62.50959630725857,185874.252581
2025-09-29 15:17:40,0.1578297676155446,13.15248063464068,51.2,27577.563087000002,139984.744128,8441.5,64.51031040225622,176003.80721499998,0.1578297676155446,13.15248063464068,50.9,27577.563087000002,150224.155953,8392.5,64.21031040225623,186194.21904
2025-09-29 15:17:45,0.10196661493044284,12.592876943872742,51.3,27578.043365,140052.749521,8698.0,63.99484355880318,176328.79288599998,0.10196661493044284,11.369277564720178,50.8,27578.043365,150288.99310199998,8646.5,62.27124417965062,186513.53646699997
2025-09-29 15:17:50,0.0716358451890855,12.60790875330511,51.2,27578.577048,140116.560459,8954.0,63.8795445984942,176649.137507,0.0716358451890855,13.968989811889587,50.9,27578.577048,150353.73345300002,8901.0,64.94062565707867,186833.31050100003
2025-09-29 15:17:55,0.07469504501518366,11.204256752224051,51.2,27579.002392,140177.79581,9210.0,62.47895179723923,176966.798202,0.07469504501518366,11.50303693228988,50.9,27579.002392,150418.370426,9155.5,62.47773197730506,187152.872818
2025-09-29 15:18:00,0.04347284259945225,10.476955066476888,51.2,27579.256984000003,140232.841485,9466.0,61.72042790907634,177278.09846900002,0.04347284259945225,11.30293907586154,50.9,27579.256984000003,150476.440964,9410.0,62.24641191846099,187465.69794800002
2025-09-29 15:18:05,0.09873501908111439,12.539347423317242,51.3,27579.727468,140300.449074,9722.5,63.938082442398354,177602.676542,0.09873501908111439,11.897569799284385,50.7,27579.727468,150545.716464,9663.5,62.696304818365505,187788.943932
2025-09-29 15:18:10,0.05397565571338157,12.360425158360696,51.1,27580.052054,140365.12113100002,9978.0,63.51440081407408,177923.17318500002,0.05397565571338157,12.900181715506786,50.8,27580.052054,150612.35246,9917.5,63.75415737122017,188109.904514
2025-09-29 15:18:15,0.0,11.225382825083518,51.2,27580.427858,140426.97590000002,10234.0,62.42538282508352,178241.40375800003,0.0,11.225382825083518,50.9,27580.427858,150677.546236,10172.0,62.12538282508352,188429.974094
2025-09-29 15:18:20,0.05058516639536189,12.443950933284329,51.2,27580.750774,140486.03708200002,10490.0,63.694536099679695,178556.787856,0.05058516639536189,12.84863226441962,50.9,27580.750774,150734.07493300003,10426.5,63.79921743081498,188741.32570700004
2025-09-29 15:18:25,0.04644234007737559,10.72818055782862,51.2,27581.993289,140550.919107,10746.0,61.974622897906,178878.912396,0.04644234007737559,12.167893100209577,50.7,27581.993289,150803.104839,10680.0,62.914335440286955,189065.098128
2025-09-29 15:18:30,0.04752225643611262,12.40330892983944,51.2,27582.369447999998,140617.605603,11002.0,63.65083118627555,179201.97505100002,0.04752225643611262,11.690475083290186,50.7,27582.369447999998,150871.066667,10933.5,62.4379973397263,189386.936115
2025-09-29 15:18:35,0.05793694836560208,11.471515776397114,51.2,27582.815248,140682.178667,11258.0,62.72945272476272,179522.993915,0.05793694836560208,11.355641879663276,50.9,27582.815248,150937.612601,11188.0,62.31357882802888,189708.427849
2025-09-29 15:18:40,0.08570864030814059,12.170626923752065,51.1,27583.189361,140746.08588000003,11513.5,63.35633556406021,179842.77524100002,0.08570864030814059,13.884799729922673,50.9,27583.189361,151002.06434399998,11442.5,64.87050837023081,190027.75370499998
2025-09-29 15:18:45,0.056075203624377956,13.738424887989176,51.1,27583.476587,140808.409915,11769.0,64.89450009161355,180160.886502,0.056075203624377956,13.682349684353323,50.8,27583.476587,151063.625666,11696.5,64.5384248879777,190343.60225300002
2025-09-29 15:18:50,0.04875667343404107,11.945384991336736,51.2,27583.850041,140873.057682,12025.0,63.19414166477078,180481.907723,0.04875667343404107,13.164301827206609,50.7,27583.850041,151131.730157,11950.0,63.91305850064065,190665.580198
2025-09-29 15:18:55,0.05051857231610825,12.07393878355791,51.3,27584.926909,140939.306522,12281.5,63.42445735587401,180805.733431,0.05051857231610825,11.568753060385344,50.9,27584.926909,151195.040083,12204.5,62.51927163270145,190984.466992
2025-09-29 15:19:00,0.06897926707802976,12.416268074051628,51.2,27585.241369,141000.835968,12537.5,63.68524734112966,181123.577337,0.06897926707802976,13.726874148551445,50.9,27585.241369,151259.91438600002,12459.0,64.69585341562947,191304.155755
2025-09-29 15:19:05,0.0,12.570135010954886,51.0,27585.5818,141067.470531,12792.5,63.570135010954886,181445.55233099998,0.0,12.205783271531413,50.7,27585.5818,151328.183203,12712.5,62.90578327153142,191626.26500299998
2025-09-29 15:19:10,0.0970603974567986,11.841368489733846,51.2,27585.912163999998,141127.88657,13048.5,63.13842888719065,181762.298734,0.0970603974567986,12.229610079552211,50.7,27585.912163999998,151388.943966,12966.0,63.02667047700901,191940.85613
2025-09-29 15:19:15,0.0496850115469639,12.222512840559899,51.3,27586.243344000002,141195.714944,13305.0,63.57219785210686,182086.95828800002,0.0496850115469639,12.570307921387517,50.9,27586.243344000002,151457.135188,13220.5,63.51999293293448,192263.878532
2025-09-29 15:19:20,0.13194887035440914,13.326835905810325,51.2,27586.644589,141262.680514,13561.0,64.65878477616474,182410.325103,0.13194887035440914,15.042171220408642,50.9,27586.644589,151526.865719,13475.0,66.07412009076305,192588.510308
2025-09-29 15:19:25,0.14818639362658076,12.22537747418786,51.2,27586.969602,141326.256756,13817.0,63.57356386781444,182730.22635799999,0.14818639362658076,12.52175026144776,50.7,27586.969602,151591.805082,13728.5,63.36993665507434,192907.274684
2025-09-29 15:19:30,0.049823442656609644,12.256566893532767,51.2,27587.258912999998,141387.182211,14073.0,63.506390336189384,183047.441124,0.049823442656609644,11.957626237586314,50.9,27587.258912999998,151653.97345800002,13983.0,62.90744968024292,193224.23237100002
2025-09-29 15:19:35,0.05223912809894857,13.216499409039926,51.2,27587.587944000003,141455.168763,14329.0,64.46873853713888,183371.756707,0.05223912809894857,13.268738537149565,50.9,27587.587944000003,151722.581912,14237.5,64.22097766524851,193547.669856
2025-09-29 15:19:40,0.04746987427930854,11.535179449883847,51.2,27587.907942,141521.100565,14585.0,62.78264932416316,183694.008507,0.04746987427930854,11.962408318398703,50.7,27587.907942,151788.58567,14491.0,62.70987819267801,193867.493612
2025-09-29 15:19:45,0.0,12.036304793490933,51.2,27588.222862000002,141581.804013,14841.0,63.23630479349094,184011.02687499998,0.0,11.648036896918356,50.9,27588.222862000002,151850.985094,14745.5,62.548036896918354,194184.707956
2025-09-29 15:19:50,0.0,12.565854631888552,51.3,27588.536926,141645.62268,15097.5,63.86585463188855,184331.659606,0.0,13.194147363447062,50.9,27588.536926,151915.662376,15000.0,64.09414736344706,194504.199302
2025-09-29 15:19:55,0.06367208723545517,10.601402524718488,51.2,27588.881859,141701.375863,15353.5,61.86507461195394,184643.757722,0.06367208723545517,10.219370001297072,50.8,27588.881859,151968.44887,15254.0,61.08304208853252,194811.33072899998
2025-09-29 15:20:00,0.04270659761680913,10.762062599432015,51.2,27589.195064,141765.613426,15609.5,62.00476919704883,184964.30849,0.04270659761680913,10.420409818505311,50.9,27589.195064,152034.263814,15508.5,61.36311641612212,195131.958878
2025-09-29 15:20:05,0.05329696497619234,13.00445945421517,51.3,27589.526554999997,141834.20706999997,15866.0,64.35775641919136,185289.73362499996,0.05329696497619234,12.205004979563801,50.7,27589.526554999997,152101.358827,15762.0,62.95830194454,195452.88538199998
2025-09-29 15:20:10,0.06795478074820077,13.11527268441665,51.2,27589.853931999998,141898.150574,16122.0,64.38322746516485,185610.004506,0.06795478074820077,12.435724876919194,51.0,27589.853931999998,152165.29009,16017.0,63.50367965766739,195772.144022
2025-09-29 15:20:15,0.07726037887116011,10.89371342084236,51.2,27590.159776,141959.601756,16378.0,62.17097379971352,185927.76153199997,0.07726037887116011,11.280015315192891,51.0,27590.159776,152227.131702,16272.0,62.35727569406405,196089.291478
2025-09-29 15:20:20,0.05004370223910202,12.310750750755945,51.1,27590.41869,142018.002981,16633.5,63.460794452995046,186241.921671,0.05004370223910202,12.560969261946617,50.7,27590.41869,152284.771307,16525.5,63.31101296418572,196400.68999699998
2025-09-29 15:20:25,0.04660063435741245,11.55695732058107,51.2,27590.723806,142081.036577,16889.5,62.80355795493848,186561.260383,0.04660063435741245,11.976363029796456,50.9,27590.723806,152349.675609,16780.0,62.92296366415387,196720.399415
2025-09-29 15:20:30,0.09583162730236398,10.73314225783426,51.2,27591.073542000002,142142.29112,17145.5,62.02897388513662,186878.864662,0.09583162730236398,11.308132021659883,51.0,27591.073542000002,152412.559559,17035.0,62.40396364896225,197038.63310099998
2025-09-29 15:20:35,0.06514877474219923,11.857077003089145,51.1,27591.345584,142206.91839,17401.0,63.022225777831345,187199.263974,0.06514877474219923,12.11767210206387,50.8,27591.345584,152479.38625,17289.0,62.982820876806066,197359.731834
2025-09-29 15:20:40,0.08861615300430975,11.342867584487173,51.1,27591.709352,142265.74603,17656.5,62.531483737491484,187513.95538200001,0.08861615300430975,11.9631806555118,50.6,27591.709352,152543.294908,17542.0,62.65179680851611,197677.00426000002
2025-09-29 15:20:45,0.09761080412674965,12.347766722004286,51.1,27592.020685,142324.60893000002,17912.0,63.545377526131034,187828.629615,0.09761080412674965,12.298961319948818,50.9,27592.020685,152601.476344,17796.5,63.29657212407557,197989.997029
2025-09-29 15:20:50,0.0,12.124520647058214,51.2,27592.286316,142391.274157,18168.0,63.324520647058215,188151.56047300002,0.0,12.124520647058214,50.9,27592.286316,152665.244505,18051.0,63.02452064705821,198308.53082100002
2025-09-29 15:20:55,0.05042717828590723,10.387998726912942,51.2,27592.616273,142447.90614200002,18424.0,61.63842590519885,188464.522415,0.05042717828590723,11.144406401191231,50.7,27592.616273,152723.507201,18304.5,61.894833579477144,198620.623474
2025-09-29 15:21:00,0.13023790265606464,10.809745920431524,51.2,27592.939666,142502.942752,18680.0,62.13998382308759,188775.882418,0.13023790265606464,10.809745920431524,51.0,27592.939666,152781.161562,18559.5,61.93998382308759,198933.60122799998
2025-09-29 15:21:05,0.09426516325449125,11.736012825185233,51.3,27593.197749000003,142558.02611900002,18936.5,63.13027798843972,189087.72386800003,0.09426516325449125,11.641747661945743,50.9,27593.197749000003,152836.209283,18814.0,62.63601282520023,199243.40703200002
2025-09-29 15:21:10,0.04574292600108786,11.115531018275792,51.2,27593.493336,142618.253074,19192.5,62.36127394427688,189404.24641000002,0.04574292600108786,11.710189056295135,51.0,27593.493336,152898.321472,19069.0,62.755931982296225,199560.814808
2025-09-29 15:21:15,0.04215482449198376,10.201467527077323,51.1,27593.779231999997,142676.222331,19448.0,61.34362235156931,189718.001563,0.04215482449198376,10.201467527077323,50.8,27593.779231999997,152957.736672,19323.0,61.043622351569304,199874.515904
2025-09-29 15:21:20,0.06275220054370305,11.73466150167675,51.2,27594.112648,142731.910783,19704.0,62.997413702220456,190030.023431,0.06275220054370305,11.922918103323555,50.7,27594.112648,153014.415564,19576.5,62.68567030386726,200185.028212
2025-09-29 15:21:25,0.06928948234087107,9.70052752771565,51.2,27594.382769,142784.60272400003,19960.0,60.96981701005652,190338.98549300001,0.06928948234087107,10.046974939440483,50.9,27594.382769,153068.638573,19831.0,61.01626442178135,200494.021342
2025-09-29 15:21:30,0.040257731162837145,9.82288640375057,51.1,27594.616895,142836.25412899998,20215.5,60.963144134913406,190646.371024,0.040257731162837145,9.863144134907001,50.9,27594.616895,153121.734676,20085.5,60.803401866069834,200801.851571
2025-09-29 15:21:35,0.08576567432139304,11.449717521908896,51.2,27594.958457999997,142897.751197,20471.5,62.73548319623029,190964.209655,0.08576567432139304,10.377646592906109,50.9,27594.958457999997,153181.412236,20340.0,61.3634122672275,201116.370694
2025-09-29 15:21:40,0.05676007981671434,12.033136921148603,51.1,27595.251736000002,142957.344949,20727.0,63.18989700096532,191279.596685,0.05676007981671434,12.260177240420623,50.7,27595.251736000002,153239.72223500002,20593.5,63.01693732023734,201428.47397100003
2025-09-29 15:21:45,0.062144970912656874,10.751079967896702,51.1,27595.544822,143016.83023599998,20982.5,61.913224938809364,191594.87505799998,0.062144970912656874,10.378210142434893,51.0,27595.544822,153297.573598,20848.5,61.44035511334755,201741.61841999998
2025-09-29 15:21:50,0.052366182299479966,12.253686658090219,51.2,27595.816159,143075.752125,21238.5,63.5060528403897,191910.068284,0.052366182299479966,12.986813210299609,50.9,27595.816159,153355.072436,21103.0,63.93917939259909,202053.888595
2025-09-29 15:21:55,0.07304658894698339,13.58666554415552,51.0,27596.203865,143143.519732,21493.5,64.6597121331025,192233.22359699997,0.07304658894698339,12.198780354157853,50.7,27596.203865,153420.866624,21356.5,62.97182694310484,202373.57048899998
2025-09-29 15:22:00,0.04499413904992851,11.4735054577553,51.1,27596.520997,143208.03855,21749.0,62.61849959680523,192553.55954699998,0.04499413904992851,11.24853476249236,50.9,27596.520997,153487.40533699997,21611.0,62.19352890154229,202694.92633399996
2025-09-29 15:22:05,0.0,13.598597101223135,51.1,27596.819307,143279.49949400002,22004.5,64.69859710122313,192880.81880100002,0.0,13.467209689614227,50.9,27596.819307,153557.71673000001,21865.5,64.36720968961423,203020.036037
2025-09-29 15:22:10,0.0,13.749876767335097,51.2,27597.174482,143350.03937699998,22260.5,64.9498767673351,193207.71385899998,0.0,14.278718181442407,51.0,27597.174482,153629.592781,22120.5,65.2787181814424,203347.26726300002
2025-09-29 15:22:15,0.055744855485100116,13.267275605471571,51.2,27597.526959,143413.593314,22516.5,64.52302046095667,193527.620273,0.055744855485100116,14.493662426131099,50.9,27597.526959,153693.41597499998,22375.0,65.4494072816162,203665.942934
2025-09-29 15:22:20,0.3989058823507177,14.360611764629725,51.2,27598.29893,143486.458379,22772.5,65.95951764698044,193857.25730899998,0.3989058823507177,14.759517646978823,50.7,27598.29893,153771.111678,22628.5,65.85842352932954,203997.91060799998
2025-09-29 15:22:25,0.055184513180394516,13.133914136931388,50.9,27598.643732,143556.463097,23027.0,64.08909865011178,194182.106829,0.055184513180394516,14.182419887372687,50.9,27598.643732,153846.393939,22883.0,65.13760440055307,204328.037671
2025-09-29 15:22:30,0.07138860576098227,13.421057883084144,51.2,27598.999795,143625.144599,23283.0,64.69244648884512,194507.144394,0.07138860576098227,13.349669277334526,50.9,27598.999795,153919.230137,23137.5,64.3210578830955,204655.72993200002
2025-09-29 15:22:35,0.0958898630359347,13.328690962001463,51.2,27599.436357,143699.243339,23539.0,64.6245808250374,194837.679696,0.0958898630359347,13.712250414153923,50.9,27599.436357,153994.534291,23392.0,64.70814027718986,204985.970648
2025-09-29 15:22:40,0.05711133814871936,14.049389184592753,51.2,27599.743821,143767.639274,23795.0,65.30650052274147,195162.383095,0.05711133814871936,14.334945875332455,50.8,27599.743821,154062.192074,23646.0,65.19205721348118,205307.935895
2025-09-29 15:22:45,0.055545733415087124,13.664250420139219,51.3,27600.164468,143841.038818,24051.5,65.0197961535543,195492.703286,0.055545733415087124,14.275253487688756,50.7,27600.164468,154138.423294,23899.5,65.03079922110385,205638.087762
2025-09-29 15:22:50,0.06291205517592786,13.777740083555381,51.3,27600.525201,143914.201777,24308.0,65.14065213873131,195822.72697800002,0.06291205517592786,15.413453518120921,50.9,27600.525201,154214.198899,24154.0,66.37636557329685,205968.72410000002
2025-09-29 15:22:55,0.0787149611257024,13.853833158123624,51.1,27600.879872,143982.15896799997,24563.5,65.03254811924933,196146.53883999996,0.0787149611257024,13.932548119265432,50.9,27600.879872,154285.622712,24408.5,64.91126308039114,206295.002584
2025-09-29 15:23:00,0.049361132768712054,12.58708885597584,51.3,27601.184450999997,144045.184002,24820.0,63.93644998874455,196466.368453,0.049361132768712054,12.34028319211909,50.9,27601.184450999997,154350.173084,24663.0,63.2896443248878,206614.35753500002
2025-09-29 15:23:05,0.05635688486966696,13.52565236866369,51.1,27601.55209,144119.556839,25075.5,64.68200925353335,196796.608929,0.05635688486966696,14.427362526552733,50.6,27601.55209,154426.61412800002,24916.0,65.08371941142241,206944.16621800003
2025-09-29 15:23:10,0.054243466163603773,13.506623074758306,51.2,27601.908388,144192.44760400002,25331.5,64.76086654092191,197125.85599200003,0.054243466163603773,13.940570804057273,51.0,27601.908388,154502.047896,25171.0,64.99481427022087,207274.956284
2025-09-29 15:23:15,0.06508507283454569,12.626504129833052,51.0,27602.318945,144263.22772300002,25586.5,63.6915892026676,197452.04666800002,0.06508507283454569,12.821759348351858,50.9,27602.318945,154571.788141,25425.5,63.7868444211864,207599.607086
2025-09-29 15:23:20,0.0,14.027538956478166,51.2,27602.611956999997,144333.929557,25842.5,65.22753895647817,197779.04151399998,0.0,13.837977619224267,50.9,27602.611956999997,154641.66843700001,25680.0,64.73797761922427,207924.280394
2025-09-29 15:23:25,0.4580709354463572,14.085681264973285,51.0,27603.327494999998,144397.889072,26097.5,65.54375220041965,198098.716567,0.4580709354463572,14.142940131894928,50.6,27603.327494999998,154705.441525,25933.0,65.20101106734128,208241.76902
2025-09-29 15:23:30,0.0481776159272092,11.321739742897448,51.3,27603.672483000002,144468.682252,26354.0,62.669917358824655,198426.354735,0.0481776159272092,12.381647293302622,50.9,27603.672483000002,154778.40239,26187.5,63.32982490922983,208569.574873
2025-09-29 15:23:35,0.12030462020881819,13.835031324022298,51.2,27604.094000999998,144545.004976,26610.0,65.15533594423113,198759.098977,0.12030462020881819,13.955335944233852,50.9,27604.094000999998,154852.73786,26442.0,64.97564056444267,208898.83186099998
2025-09-29 15:23:40,0.07168145409553171,13.834520640452292,51.2,27604.391847,144615.042718,26866.0,65.10620209454783,199085.434565,0.07168145409553171,12.759298829007907,50.7,27604.391847,154922.920422,26695.5,63.53098028310344,209222.812269
2025-09-29 15:23:45,0.09490286607469882,14.045624179064058,51.2,27604.815828,144686.883034,27122.0,65.34052704513876,199413.698862,0.09490286607469882,13.381304116543323,50.9,27604.815828,154993.96634400001,26950.0,64.37620698261802,209548.782172
2025-09-29 15:23:50,0.059709635547524995,14.628860709161273,51.2,27605.114984,144754.76486,27378.0,65.8885703447088,199737.87984399998,0.059709635547524995,15.106537793530615,51.0,27605.114984,155059.279861,27205.0,66.16624742907814,209869.394845
2025-09-29 15:23:55,0.11150040591467923,13.658799724564686,51.2,27605.539851999998,144829.408786,27634.0,64.97030013047937,200068.948638,0.11150040591467923,14.439302565964905,50.9,27605.539851999998,155134.664467,27459.5,65.45080297187958,210199.70431899998
2025-09-29 15:24:00,0.11836932215225743,12.90225611460952,51.0,27605.889788999997,144900.60434,27889.0,64.02062543676178,200395.494129,0.11836932215225743,12.547148148166203,50.7,27605.889788999997,155207.46343,27713.0,63.365517470318466,210526.353219
2025-09-29 15:24:05,0.08357227728790445,13.037275256905493,50.9,27607.095418,144972.52698700002,28143.5,64.0208475341934,200723.12240500003,0.08357227728790445,13.956570307078144,51.0,27607.095418,155281.589164,27968.0,65.04014258436605,210856.68458200002
2025-09-29 15:24:10,0.05268829385253496,13.014008581594107,51.2,27607.388631,145035.109528,28399.5,64.26669687544664,201041.998159,0.05268829385253496,13.80433298937135,51.0,27607.388631,155346.54148299998,28223.0,64.85702128322389,211176.930114
2025-09-29 15:24:15,0.05465656196282096,12.953605185194782,51.2,27607.746489,145106.743274,28655.5,64.20826174715761,201369.98976300002,0.05465656196282096,14.64795860605093,51.0,27607.746489,155423.707677,28478.0,65.70261516801375,211509.454166
2025-09-29 15:24:20,0.05906850718997826,14.353647247158003,51.2,27608.14935,145178.724641,28911.5,65.61271575434799,201698.373991,0.05906850718997826,14.648989783125353,51.0,27608.14935,155496.853664,28733.0,65.70805829031534,211838.003014
2025-09-29 15:24:25,0.12999962588660333,11.82996595568977,51.1,27608.529221,145242.584271,29167.0,63.05996558157638,202018.113492,0.12999962588660333,13.194962027518319,50.8,27608.529221,155564.24529400002,28987.0,64.12496165340492,212159.77451500003
2025-09-29 15:24:30,0.0874911198629547,12.511230140416448,51.2,27608.864152,145308.087029,29423.0,63.79872126027941,202339.95118099998,0.0874911198629547,13.123667979455139,50.7,27608.864152,155630.939886,29240.5,63.9111590993181,212480.304038
2025-09-29 15:24:35,0.09987826589637636,12.334965838219514,51.2,27609.197638,145368.607638,29679.0,63.63484410411589,202656.805276,0.09987826589637636,12.934235433593228,51.0,27609.197638,155695.70525,29495.5,64.03411369948961,212800.402888
2025-09-29 15:24:40,0.05379239680681582,12.910175233655366,51.2,27609.521481,145436.257954,29935.0,64.16396763046218,202980.779435,0.05379239680681582,13.824645979362673,50.9,27609.521481,155763.177758,29750.0,64.77843837616949,213122.699239
2025-09-29 15:24:45,0.04947032853420101,11.229764577276004,51.1,27609.837394,145499.959279,30190.5,62.37923490581021,203300.296673,0.04947032853420101,11.823408519681916,50.9,27609.837394,155831.014388,30004.5,62.772878848216116,213445.351782
2025-09-29 15:24:50,0.06920262865987828,13.079296816724858,51.1,27610.153186,145562.373133,30446.0,64.24849944538474,203618.526319,0.06920262865987828,13.494512588668394,50.6,27610.153186,155893.888527,30257.5,64.16371521732827,213761.541713
2025-09-29 15:24:55,0.07877476824392818,11.343566627154317,51.2,27611.130126,145624.3491,30702.0,62.62234139539825,203937.479226,0.07877476824392818,11.579890931848487,50.9,27611.130126,155957.237056,30512.0,62.55866570009241,214080.36718200002
2025-09-29 15:25:00,0.0415601562802477,10.59783985146978,51.2,27611.388116,145682.970779,30958.0,61.83940000775003,204252.35889499998,0.0415601562802477,10.431599226345009,50.9,27611.388116,156015.49216300002,30766.5,61.37315938262525,214393.380279
2025-09-29 15:25:05,0.04368119890621354,11.400792914534643,51.2,27611.727408,145745.608985,31214.0,62.64447411344086,204571.336393,0.04368119890621354,11.31343051672023,50.7,27611.727408,156078.165591,31020.0,62.05711171562645,214709.892999
2025-09-29 15:25:10,0.051226403402316566,11.8332991859526,51.2,27612.019754999998,145805.778722,31470.0,63.08452558935492,204887.79847699997,0.051226403402316566,11.782072782558433,50.9,27612.019754999998,156138.482524,31274.5,62.733299185960746,215025.00227899998
2025-09-29 15:25:15,0.056886831006850144,10.922271553315227,51.2,27612.345584,145863.009647,31726.0,62.17915838432208,205201.355231,0.056886831006850144,10.580950567287061,50.9,27612.345584,156193.983798,31529.0,61.53783739829391,215335.329382
2025-09-29 15:25:20,0.0799678529413401,11.275467264738044,51.3,27612.630758000003,145918.335336,31982.5,62.65543511767938,205513.466094,0.0799678529413401,11.035563705923115,50.7,27612.630758000003,156250.937407,31782.5,61.81553155886446,215646.068165
2025-09-29 15:25:25,0.08082438169905888,9.618101422200871,51.2,27612.907870000003,145968.758535,32238.5,60.898925803899935,205820.166405,0.08082438169905888,9.739337994744863,50.7,27612.907870000003,156302.74232400002,32036.0,60.52016237644393,215951.65019400002
2025-09-29 15:25:30,0.039456142751698196,9.78512340242833,51.2,27613.288587,146026.22782200002,32494.5,61.02457954518003,206134.016409,0.039456142751698196,9.864035687933521,51.0,27613.288587,156360.893273,32291.0,60.90349183068522,216265.18185999998
2025-09-29 15:25:35,0.10409454322247098,10.981974309983707,51.3,27613.625795,146082.669738,32751.0,62.386068853206176,206447.295533,0.10409454322247098,11.710636112538635,50.9,27613.625795,156419.443207,32545.5,62.7147306557611,216578.569002
2025-09-29 15:25:40,0.14004532521130378,11.903852642976744,51.2,27613.922446,146139.217452,33007.0,63.24389796818805,206760.13989800002,0.14004532521130378,11.623761992547767,50.7,27613.922446,156476.262396,32799.0,62.46380731775908,216889.18484200002
2025-09-29 15:25:45,0.04470810734228067,11.713524123683635,51.3,27614.153997,146190.180425,33263.5,63.05823223102591,207067.83442199999,0.04470810734228067,11.2217349429155,50.9,27614.153997,156526.87526,33053.5,62.16644305025778,217194.52925700002
2025-09-29 15:25:50,0.0,11.087169475465398,51.2,27614.424601000002,146247.125773,33519.5,62.287169475465404,207381.050374,0.0,11.087169475449327,50.9,27614.424601000002,156584.091228,33308.0,61.98716947544933,217506.515829
2025-09-29 15:25:55,0.04486653960657194,10.947435664007635,51.1,27614.753857,146305.391759,33775.0,62.09230220361421,207695.145616,0.04486653960657194,11.26150144125262,50.9,27614.753857,156643.34081300002,33562.5,62.20636798085919,217820.59467000002
2025-09-29 15:26:00,0.05790665117017367,10.886450419987383,51.2,27615.073147,146362.672129,34031.0,62.14435707115756,208008.745276,0.05790665117017367,11.060170373512388,50.7,27615.073147,156699.003685,33816.0,61.818077024682566,218130.076832
2025-09-29 15:26:05,0.07798790887911898,10.606355607574367,51.2,27615.367286,146418.854382,34287.0,61.88434351645349,208321.22166799998,0.07798790887911898,11.698186331878485,50.9,27615.367286,156758.50698399998,34070.5,62.676174240757604,218444.37426999997
2025-09-29 15:26:10,0.04268931184934502,11.141910392691669,51.3,27615.60598,146472.547211,34543.5,62.48459970454101,208631.653191,0.04268931184934502,10.800395897904671,50.9,27615.60598,156812.28170000002,34325.0,61.743085209754014,218752.88768
2025-09-29 15:26:15,0.04214811542693859,10.410584510452873,51.2,27615.894651000002,146531.35418000002,34799.5,61.652732625879814,208946.74883100003,0.04214811542693859,11.042806241863659,50.8,27615.894651000002,156873.78236800001,34579.0,61.884954357290596,219068.67701900002
2025-09-29 15:26:20,0.0574330167149766,12.348098593739557,51.2,27616.231162,146591.529151,35055.5,63.605531610454534,209263.260313,0.0574330167149766,12.692696694016359,50.9,27616.231162,156933.23465600002,34833.5,63.650129710731335,219382.96581800003
2025-09-29 15:26:25,0.0,10.062689023208494,51.2,27616.503272,146643.760194,35311.5,61.262689023208495,209571.763466,0.0,10.121881311570808,50.9,27616.503272,156988.004003,35088.0,61.02188131157081,219692.507275
2025-09-29 15:26:30,0.0,10.134014233093765,51.2,27616.737963,146693.376417,35567.5,61.33401423309377,209877.61437999998,0.0,9.89924942461423,50.7,27616.737963,157038.885233,35341.5,60.59924942461423,219997.123196
2025-09-29 15:26:35,0.04573669494108125,10.976806785859502,51.2,27617.079467000003,146752.84587199998,35823.5,62.22254348080058,210193.42533899998,0.04573669494108125,11.342700345396473,50.8,27617.079467000003,157101.611369,35595.5,62.18843704033755,220314.190836
2025-09-29 15:26:40,0.08835771013693518,10.33785208603146,51.2,27617.400164000002,146808.097878,36079.5,61.626209796168396,210504.998042,0.08835771013693518,11.795754303299931,50.9,27617.400164000002,157162.763515,35850.0,62.78411201343687,220630.163679
2025-09-29 15:26:45,0.054254843956503526,10.796713947362706,51.2,27617.681958999998,146862.82655,36335.5,62.050968791319214,210816.008509,0.054254843956503526,10.905223635258439,50.9,27617.681958999998,157220.216692,36104.5,61.85947847921494,220942.398651
2025-09-29 15:26:50,0.0,10.972918261587372,51.2,27618.000848,146923.14863600003,36591.5,62.17291826158738,211132.64948400002,0.0,11.906783645572736,50.7,27618.000848,157282.516083,36358.0,62.60678364557274,221258.516931
2025-09-29 15:26:55,0.03553524100598203,10.944854229858626,51.2,27618.298218,146973.107349,36847.5,62.18038947086461,211438.905567,0.03553524100598203,11.086995193885786,51.0,27618.298218,157336.003252,36613.0,62.12253043489177,221567.30147
2025-09-29 15:27:00,0.04002706207179171,9.926711393811624,51.0,27618.633761,147032.909796,37102.5,60.966738455883416,211754.043557,0.04002706207179171,10.206900828313255,50.9,27618.633761,157396.56810899999,36867.5,61.146927890385044,221882.70187
2025-09-29 15:27:05,0.09621712400565989,10.968752136649602,51.2,27618.992721,147096.142404,37358.5,62.26496926065526,212073.635125,0.09621712400565989,11.353620632680993,50.7,27618.992721,157460.321668,37121.0,62.14983775668666,222200.31438899998
2025-09-29 15:27:10,0.06526695417648157,12.204920431006503,51.2,27619.303576000002,147157.475361,37614.5,63.47018738518299,212391.278937,0.06526695417648157,12.661789110240392,50.8,27619.303576000002,157521.88397,37375.0,63.52705606441687,222516.187546
2025-09-29 15:27:15,0.0792908253411931,11.417878849160651,51.2,27619.616306,147220.551786,37870.5,62.69716967450185,212710.668092,0.0792908253411931,11.417878849131807,50.9,27619.616306,157583.120869,37629.5,62.397169674473,222832.23717500002
2025-09-29 15:27:20,0.1049429492882934,12.383268016032938,51.2,27619.993352999998,147278.955924,38126.5,63.68821096532123,213025.449277,0.1049429492882934,13.537640458192236,50.7,27619.993352999998,157642.202453,37883.0,64.34258340748053,223145.195806
2025-09-29 15:27:25,0.0,11.377522440448763,51.2,27620.253623,147342.76150300002,38382.5,62.57752244044877,213345.515126,0.0,11.607836659887587,50.7,27620.253623,157706.146212,38136.5,62.30783665988759,223462.899835
2025-09-29 15:27:30,0.0496716305844216,11.275460142676128,51.2,27620.617729,147404.728047,38638.5,62.525131773260554,213663.845776,0.0496716305844216,10.778743836820619,51.0,27620.617729,157768.870766,38391.5,61.82841546740504,223780.988495
2025-09-29 15:27:35,0.07044643873284645,12.32812677825934,51.3,27620.934638,147467.567093,38895.0,63.69857321699219,213983.501731,0.07044643873284645,12.539466094475497,50.9,27620.934638,157832.483786,38646.0,63.50991253320834,224099.418424
2025-09-29 15:27:40,0.08857690396410897,11.69215132327044,51.3,27621.302128,147529.235142,39151.5,63.080728227234545,214302.03727,0.08857690396410897,11.69215132327044,50.8,27621.302128,157895.23375299998,38900.0,62.580728227234545,224416.535881
2025-09-29 15:27:45,0.05285157927445402,13.318597977176832,51.3,27621.582714,147590.90570899998,39408.0,64.67144955645128,214620.48842299997,0.05285157927445402,13.318597977176832,50.6,27621.582714,157957.624043,39153.0,63.97144955645129,224732.20675699998
2025-09-29 15:27:50,0.058773533496441994,13.929327438684815,51.2,27621.953576,147656.91947800003,39664.0,65.18810097218126,214942.87305400003,0.058773533496441994,14.810930441119417,51.0,27621.953576,158026.323687,39408.0,65.86970397461586,225056.277263
2025-09-29 15:27:55,0.058641852095029985,12.373430792065996,50.9,27622.47412,147719.93752,39918.5,63.33207264416102,215260.91164,0.058641852095029985,12.43207264415169,50.8,27622.47412,158090.653333,39662.0,63.29071449624672,225375.127453
2025-09-29 15:28:00,0.07075602934386435,11.957768959140424,51.2,27622.819275,147788.091556,40174.5,63.22852498848429,215585.41083100002,0.07075602934386435,12.382305135187526,50.7,27622.819275,158155.871829,39915.5,63.153061164531394,225694.19110400003
2025-09-29 15:28:05,0.10753421273358486,13.011639740748794,51.2,27623.170266,147851.79158,40430.5,64.31917395348238,215905.461846,0.10753421273358486,13.495543698030213,51.0,27623.170266,158218.50278399998,40170.5,64.6030779107638,226012.17304999998
2025-09-29 15:28:10,0.049792335643583006,11.950160554478035,51.2,27623.50731,147919.62737899998,40686.5,63.19995289012162,216229.63468899997,0.049792335643583006,13.344345952493832,50.9,27623.50731,158290.712184,40425.0,64.29413828813742,226339.21949400002
2025-09-29 15:28:15,0.05135323682675165,12.427483312076234,51.2,27623.889514,147985.85329099998,40942.5,63.678836548902986,216552.242805,0.05135323682675165,13.197781864485684,50.9,27623.889514,158361.02998700002,40679.5,64.14913510131244,226664.41950100003
2025-09-29 15:28:20,0.07699493902996907,14.244063720546027,51.2,27624.280742,148050.99292199998,41198.5,65.521058659576,216873.77366399998,0.07699493902996907,14.47504853765519,50.7,27624.280742,158429.536272,40933.0,65.25204347668516,226986.817014
2025-09-29 15:28:25,0.09000688133959622,12.420949624852,51.2,27625.357462,148114.45029500002,41454.5,63.7109565061916,217194.30775700003,0.09000688133959622,13.321018438301174,50.7,27625.357462,158493.051506,41186.5,64.11102531964077,227304.90896799997
2025-09-29 15:28:30,0.0462665693328354,11.011443501229552,51.2,27625.624842,148172.280144,41710.5,62.25771007056239,217508.40498599998,0.0462665693328354,11.61290890254484,50.9,27625.624842,158552.87808,41441.0,62.55917547187767,227619.50292199999
2025-09-29 15:28:35,0.051606954743769244,12.12763436478929,51.2,27625.965363,148239.282346,41966.5,63.379241319533065,217831.747709,0.051606954743769244,13.108166504933815,50.9,27625.965363,158624.161689,41695.5,64.05977345967759,227945.627052
2025-09-29 15:28:40,0.05835413405334546,12.312722285249258,51.3,27626.338334,148303.43713900002,42223.0,63.6710764193026,218152.77547300002,0.05835413405334546,13.188034296058726,50.7,27626.338334,158692.519533,41949.0,63.94638843011207,228267.857867
2025-09-29 15:28:45,0.07032057336037204,12.095138617977593,51.2,27626.664446000002,148366.938952,42479.0,63.36545919133797,218472.603398,0.07032057336037204,12.306100338076298,50.9,27626.664446000002,158756.395685,42203.5,63.27642091143667,228586.560131
2025-09-29 15:28:50,0.05323185383407698,13.041804189364594,51.2,27626.995735,148424.170643,42735.0,64.29503604319868,218786.166378,0.05323185383407698,13.254731604705745,50.9,27626.995735,158813.996281,42458.0,64.20796345853982,228898.992016
2025-09-29 15:28:55,0.06987718602350616,12.36826192617489,51.2,27627.378128,148490.440188,42991.0,63.6381391121984,219108.81831600002,0.06987718602350616,11.914060217018127,50.8,27627.378128,158880.88111400002,42712.0,62.783937403041634,229220.25924200003
2025-09-29 15:29:00,0.10215449357121997,12.207461981768917,51.2,27627.764127,148557.28605599998,43247.0,63.50961647534014,219432.05018299998,0.10215449357121997,12.565002709267027,50.8,27627.764127,158950.173286,42966.0,63.467157202838244,229543.937413
2025-09-29 15:29:05,0.05825531567493405,12.117105660386283,51.2,27628.052381,148626.504579,43503.0,63.375360976061216,219757.55696000002,0.05825531567493405,12.408382238778172,50.9,27628.052381,159020.910134,43220.5,63.366637554453106,229869.46251500002
2025-09-29 15:29:10,0.08204887609033025,12.963722422268448,51.1,27628.460866999998,148691.979372,43758.5,64.14577129835878,220078.940239,0.08204887609033025,14.11240668755919,50.9,27628.460866999998,159090.54725300003,43475.0,65.09445556364952,230194.00812
2025-09-29 15:29:15,0.0,13.107530740147643,51.2,27628.74054,148750.822256,44014.5,64.30753074014764,220394.062796,0.0,13.585133074810143,50.9,27628.74054,159151.644173,43729.5,64.48513307481014,230509.884713
2025-09-29 15:29:20,0.11721057356952816,13.713637107648122,51.2,27629.201291,148822.348028,44270.5,65.03084768121765,220722.049319,0.11721057356952816,14.76853226977654,50.9,27629.201291,159223.84921199997,43984.0,65.78574284334607,230837.05050299998
2025-09-29 15:29:25,0.055859068910686344,12.959303987289394,51.2,27630.580771,148892.751716,44526.5,64.21516305620008,221049.832487,0.055859068910686344,14.244062572233908,50.9,27630.580771,159295.615598,44238.5,65.1999216411446,231164.696369
2025-09-29 15:29:30,0.06811927454373987,13.283258536046308,51.2,27630.915042999997,148960.46203,44782.5,64.55137781059005,221373.87707299998,0.06811927454373987,12.806423614216897,50.8,27630.915042999997,159361.417648,44492.5,63.674542888760634,231484.832691
2025-09-29 15:29:35,0.0,13.028268162414346,51.1,27631.279477999997,149032.00155000002,45038.0,64.12826816241434,221701.281028,0.0,12.500095128791267,50.9,27631.279477999997,159430.258063,44747.0,63.400095128791264,231808.537541
2025-09-29 15:29:40,0.09867659588613528,12.235897889907699,51.2,27631.632539000002,149098.780906,45294.0,63.53457448579384,222024.413445,0.09867659588613528,12.285236187842914,50.9,27631.632539000002,159492.90893,45001.5,63.28391278372905,232126.04146900002
2025-09-29 15:29:45,0.05138182482526364,13.513419929061863,51.1,27631.978086000003,149171.562706,45549.5,64.66480175388713,222353.040792,0.05138182482526364,12.639928907021865,50.8,27631.978086000003,159563.72347300002,45255.5,63.49131073184712,232451.201559
2025-09-29 15:29:50,0.062428170692732744,14.29605108865425,51.2,27632.322204,149243.989769,45805.5,65.55847925934698,222681.811973,0.062428170692732744,14.358479259337047,50.7,27632.322204,159634.636126,45509.0,65.12090743002979,232775.95833
2025-09-29 15:29:55,0.07381406906163498,13.803230914530777,51.2,27632.733404,149314.75556100003,46061.5,65.07704498359242,223008.98896500003,0.07381406906163498,13.360346500177751,50.9,27632.733404,159702.730224,45763.5,64.33416056923939,233098.963628
2025-09-29 15:30:00,0.0508237088002569,12.299337529682969,51.2,27633.026604,149377.109174,46317.5,63.55016123848323,223327.635778,0.0508237088002569,12.50263236487013,50.9,27633.026604,159766.04275700002,46018.0,63.45345607367039,233417.06936100003
2025-09-29 15:30:05,0.05604229559142274,13.730362419915137,51.2,27633.441063,149450.176656,46573.5,64.98640471550657,223657.117719,0.05604229559142274,14.06661619347132,50.7,27633.441063,159841.65881199998,46271.5,64.82265848906275,233746.59987499999
2025-09-29 15:30:10,0.10736214606281656,13.63499254999479,51.3,27633.842211000003,149521.805758,46830.0,65.0423546960576,223985.647969,0.10736214606281656,14.010760061213428,50.8,27633.842211000003,159912.55029400002,46525.5,64.91812220727624,234071.89250500003
2025-09-29 15:30:15,0.060647167160574264,12.00813909780198,51.1,27634.18948,149590.813814,47085.5,63.168786264962556,224310.503294,0.060647167160574264,12.796552270896338,50.9,27634.18948,159982.70392700002,46780.0,63.757199438056915,234396.89340700003
2025-09-29 15:30:20,0.0,13.752952737996885,51.0,27634.52074,149657.242922,47340.5,64.75295273799688,224632.263662,0.0,13.930410192684674,50.9,27634.52074,160050.816513,47034.5,64.83041019268467,234719.837253
2025-09-29 15:30:25,0.0510586871493584,12.151967541563552,51.2,27634.874081,149717.46705600002,47596.5,63.40302622871292,224948.841137,0.0510586871493584,13.224199971696597,50.7,27634.874081,160114.31206,47288.0,63.97525865884596,235037.186141
2025-09-29 15:30:30,0.050918438087498186,12.169506702920167,51.2,27635.270878,149786.65654400003,47852.5,63.42042514100767,225274.42742200004,0.050918438087498186,12.576854207610893,51.1,27635.270878,160187.37805,47543.5,63.727772645698394,235366.148928
2025-09-29 15:30:35,0.06214943229381838,12.80278305254637,51.1,27635.622149,149856.323963,48108.0,63.96493248484019,225599.946112,0.06214943229381838,12.678484187955908,50.9,27635.622149,160256.633282,47798.0,63.64063362024972,235690.255431
2025-09-29 15:30:40,0.08476208990258531,13.39241020463546,51.1,27635.968953,149923.494894,48363.5,64.57717229453804,225922.963847,0.08476208990258531,13.477172294524555,50.9,27635.968953,160324.462935,48052.5,64.46193438442714,236012.931888
2025-09-29 15:30:45,0.05375810015885531,13.38576693957575,51.2,27636.309399,149984.806539,48619.5,64.63952503973461,226240.615938,0.05375810015885531,13.170734538915884,50.7,27636.309399,160384.495537,48306.0,63.92449263907474,236326.804936
2025-09-29 15:30:50,0.05172010369859783,12.774865613552489,51.1,27636.699632,150053.392673,48875.0,63.926585717251086,226565.092305,0.05172010369859783,12.878305820952034,51.0,27636.699632,160453.644389,48561.0,63.930025924650636,236651.344021
2025-09-29 15:30:55,0.057287151883814766,13.691629300163019,51.2,27637.475024,150120.371089,49131.0,64.94891645204683,226888.846113,0.057287151883814766,13.519767844519064,50.9,27637.475024,160519.737752,48815.5,64.47705499640287,236972.71277599997
2025-09-29 15:31:00,0.13533809745757303,12.383435917331196,51.1,27637.847855,150183.063071,49386.5,63.61877401478877,227207.410926,0.13533809745757303,12.789450209711992,50.8,27637.847855,160582.624232,49069.5,63.72478830716956,237289.972087
2025-09-29 15:31:05,0.0,12.100538748998177,51.1,27638.125853,150248.498923,49642.0,63.20053874899818,227528.624776,0.0,12.453839150403684,50.8,27638.125853,160646.724387,49323.5,63.25383915040368,237608.35024
2025-09-29 15:31:10,0.05101870271235925,13.111806597086765,51.2,27638.564403,150309.944516,49898.0,64.36282529979913,227846.50891899999,0.05101870271235925,12.19346994826198,50.9,27638.564403,160704.314776,49578.0,63.14448865097434,237920.879179
2025-09-29 15:31:15,0.048002447452553734,12.288626547871221,51.2,27638.896615999998,150377.35998900002,50154.0,63.53662899532378,228170.256605,0.048002447452553734,11.760599625889853,50.9,27638.896615999998,160773.17706500003,49832.5,62.708602073342405,238244.57368100004
2025-09-29 15:31:20,0.0,13.28354086542249,51.2,27639.223058,150443.987944,50410.0,64.4835408654225,228493.211002,0.0,12.687866387160973,50.7,27639.223058,160839.55968500001,50086.0,63.387866387160976,238564.78274300002
2025-09-29 15:31:25,0.07249233958172113,12.323697728909073,51.2,27639.601333,150508.955675,50666.0,63.5961900684908,228814.557008,0.07249233958172113,12.468682408075813,50.9,27639.601333,160904.591926,50340.5,63.441174747657534,238884.693259
2025-09-29 15:31:30,0.04468391708953831,11.439082774873041,51.2,27639.886106,150571.43058699998,50922.0,62.68376669196258,229133.31669299997,0.04468391708953831,10.902875769805693,50.8,27639.886106,160963.832925,50594.5,61.74755968689523,239198.219031
2025-09-29 15:31:35,0.10933883932612912,13.28466897813836,51.2,27640.352432,150643.989964,51178.0,64.59400781746449,229462.342396,0.10933883932612912,13.995371433764415,50.7,27640.352432,161038.466979,50848.0,64.80471027309055,239526.819411
2025-09-29 15:31:40,0.10827921581030024,13.643181192112602,51.2,27640.855428,150714.591321,51434.0,64.95146040792291,229789.44674900002,0.10827921581030024,13.589041584196375,50.9,27640.855428,161111.71030600002,51102.5,64.59732080000667,239855.06573400003
2025-09-29 15:31:45,0.06292520873312,11.704088824374631,51.2,27641.186733,150780.47446899998,51690.0,62.96701403310775,230111.661202,0.06292520873312,12.270415702974141,50.9,27641.186733,161179.851976,51357.0,63.23334091170726,240178.03870900001
2025-09-29 15:31:50,0.0946225980983486,13.625654126119167,51.3,27641.641386000003,150846.56354200002,51946.5,65.02027672421751,230434.70492800002,0.0946225980983486,13.72027672420192,50.6,27641.641386000003,161247.790501,51610.0,64.41489932230027,240499.431887
2025-09-29 15:31:55,0.039122176372642994,12.362607733765858,50.9,27641.914309,150905.548954,52201.0,63.3017299101385,230748.463263,0.039122176372642994,12.558218615626403,51.0,27641.914309,161306.326677,51865.0,63.597340791999045,240813.240986
2025-09-29 15:32:00,0.0906069638415659,11.280566998243923,51.2,27642.285856000002,150972.942915,52457.0,62.571173962085496,231072.228771,0.0906069638415659,11.054049588643743,50.9,27642.285856000002,161373.92717500002,52119.5,62.04465655248531,241135.71303100002
2025-09-29 15:32:05,0.05315007433167069,12.596567616611994,51.2,27642.616284,151041.190534,52713.0,63.84971769094366,231396.80681799998,0.05315007433167069,12.437117393623025,50.9,27642.616284,161442.412771,52374.0,63.39026746795469,241459.029055
2025-09-29 15:32:10,0.06439693348132818,11.913432694047176,51.2,27642.933544,151103.311465,52969.0,63.17782962752851,231715.245009,0.06439693348132818,12.428608161909516,50.8,27642.933544,161504.192193,52628.0,63.29300509539084,241775.125737
2025-09-29 15:32:15,0.0,12.020367046472266,51.1,27643.321899000002,151166.125684,53224.5,63.12036704647227,232033.947583,0.0,12.712186732584097,50.7,27643.321899000002,161569.673376,52881.5,63.412186732584104,242094.495275
2025-09-29 15:32:20,0.10514757856278337,12.512561848933267,51.2,27643.656669999997,151225.191859,53480.5,63.817709427496055,232349.348529,0.10514757856278337,12.880578373919894,50.9,27643.656669999997,161629.496513,53136.0,63.88572595248267,242409.153183
2025-09-29 15:32:25,0.04919395245587251,12.20010020906533,51.2,27643.987149,151292.67224500002,53736.5,63.44929416152121,232673.15939400002,0.04919395245587251,12.446069971359234,50.9,27643.987149,161698.950041,53390.5,63.39526392381511,242733.43719
2025-09-29 15:32:30,0.09826644643426226,11.05497522383314,51.2,27644.346752999998,151356.29732299998,53992.5,62.35324167026741,232993.14407599997,0.09826644643426226,10.907575554187751,50.8,27644.346752999998,161762.096679,53644.5,61.80584200062201,243050.943432
2025-09-29 15:32:35,0.06805252670629922,12.181402280375336,51.3,27644.671573,151419.913982,54249.0,63.54945480708163,233313.585555,0.06805252670629922,11.364771959910577,50.8,27644.671573,161824.301587,53898.5,62.23282448661688,243367.47316
2025-09-29 15:32:40,0.04785864943866089,11.438217215847569,51.3,27644.944564,151474.862036,54505.5,62.78607586528623,233625.3066,0.04785864943866089,12.251814256314598,51.0,27644.944564,161882.108532,54153.5,63.299672905753255,243680.55309600002
2025-09-29 15:32:45,0.04718231910707453,11.748397457613013,51.2,27645.355079,151540.89822,54761.5,62.99557977672009,233947.753299,0.04718231910707453,11.984309053143827,51.0,27645.355079,161945.195396,54408.5,63.0314913722509,243999.050475
2025-09-29 15:32:50,0.09678766946756406,11.759701840287715,51.2,27645.719412000002,151603.823894,55017.5,63.05648950975528,234267.043306,0.09678766946756406,12.485609361300085,50.8,27645.719412000002,162009.339268,54662.5,63.38239703076765,244317.55868000002
2025-09-29 15:32:55,0.11231271671314144,11.512053463103381,51.1,27646.071795,151664.25038,55273.0,62.72436617981653,234583.322175,0.11231271671314144,11.062802596261031,50.8,27646.071795,162070.304404,54916.5,61.97511531297417,244632.876199
2025-09-29 15:33:00,0.07203164785795094,10.804747178702467,51.1,27646.323629000002,151723.520443,55528.5,61.97677882656042,234898.34407199998,0.07203164785795094,11.453032009425662,50.9,27646.323629000002,162129.919548,55171.0,62.425063657283616,244947.243177
2025-09-29 15:33:05,0.095298736752376,11.817043357269705,51.3,27646.642080999998,151780.081054,55785.0,63.21234209402208,235211.723135,0.095298736752376,11.721744620515436,33.0,27646.642080999998,162187.605654,55336.0,44.81704335726781,245170.247735
2025-09-29 15:33:10,0.05658770087571449,13.015171201422055,51.1,27647.067099,151850.714408,56040.5,64.17175890229777,235538.281507,0.05658770087571449,4.357252967436449,0.0,27647.067099,162219.093291,55336.0,4.413840668312163,245202.16039
2025-09-29 15:33:15,0.04970208115976005,11.431478666751593,51.2,27647.408392999998,151916.409234,56296.5,62.681180747911355,235860.31762699998,0.04970208115976005,3.7276560869853936,0.0,27647.408392999998,162240.856803,55336.0,3.777358168145154,245224.265196
2025-09-29 15:33:20,0.07850211012444498,13.737869271790366,51.1,27647.800493000002,151980.062293,56552.0,64.91637138191481,236179.862786,0.07850211012444498,4.710126607488117,0.0,27647.800493000002,162261.952636,55336.0,4.788628717612562,245245.75312900002
2025-09-29 15:33:25,0.0,10.497537782409383,51.1,27648.081174,152040.981277,56807.5,61.59753778240938,236496.562451,0.0,3.5506377793360904,0.0,27648.081174,162283.04748699997,55336.0,3.5506377793360904,245267.12866099997
2025-09-29 15:33:30,0.04499875856851733,10.439711987844861,51.2,27648.435213999997,152098.442404,57063.5,61.68471074641338,236810.377618,0.04499875856851733,3.554901926899823,0.0,27648.435213999997,162302.750529,55336.0,3.5999006854683406,245287.185743
2025-09-29 15:33:35,0.05276408624716835,12.241268009352654,51.2,27648.854644,152165.339982,57319.5,63.49403209559983,237133.694626,0.05276408624716835,4.43218324476694,0.0,27648.854644,162326.299971,55336.0,4.484947331014109,245311.154615
2025-09-29 15:33:40,0.12908995579621083,13.554445358628554,51.1,27649.260993,152230.133286,57575.0,64.78353531442477,237454.394279,0.12908995579621083,4.582693430764017,0.0,27649.260993,162348.24562200002,55336.0,4.711783386560228,245333.50661500002
2025-09-29 15:33:45,0.12987587208653462,10.6498215110951,51.3,27649.592313,152291.349935,57831.5,62.07969738318163,237772.442248,0.12987587208653462,4.0261520346918,0.0,27649.592313,162370.685352,55336.0,4.156027906778335,245356.277665
2025-09-29 15:33:50,0.0,13.15313902149465,51.2,27649.89366,152355.126486,58087.5,64.35313902149466,238092.520146,0.0,5.067192901691843,0.0,27649.89366,162394.665333,55336.0,5.067192901691843,245380.558993
2025-09-29 15:33:55,0.07565756870404602,10.932518677711322,51.1,27650.213222,152409.203821,58343.0,62.10817624641537,238402.417043,0.07565756870404602,4.085508710017195,0.0,27650.213222,162413.545942,55336.0,4.161166278721241,245399.759164
2025-09-29 15:34:00,0.0467146407739231,10.884511300263274,51.1,27650.546846,152472.678618,58598.5,62.0312259410372,238721.72546400002,0.0467146407739231,3.6437419803431657,0.0,27650.546846,162436.49099700002,55336.0,3.6904566211170886,245423.03784300003
2025-09-29 15:34:05,0.10741030385564398,11.922543727940155,51.1,27650.945824000002,152540.622659,58854.0,63.129954031795805,239045.56848299998,0.10741030385564398,3.866770938801963,0.0,27650.945824000002,162458.705605,55336.0,3.974181242657607,245445.651429
2025-09-29 15:34:10,0.06959110346828518,12.108852003478455,51.2,27651.337989,152604.34513,59110.0,63.37844310694675,239365.683119,0.06959110346828518,4.384239518513042,0.0,27651.337989,162480.51926499998,55336.0,4.453830621981328,245467.85725399997
2025-09-29 15:34:15,0.08387137707541294,10.819407642745432,51.2,27651.701558,152668.60969800001,59366.0,62.103279019820846,239686.31125600002,0.08387137707541294,3.690340591310541,0.0,27651.701558,162503.19525299998,55336.0,3.774211968385954,245490.89681099998
2025-09-29 15:34:20,0.11942955931935625,13.37611064372988,51.2,27652.071143,152732.196744,59622.0,64.69554020304923,240006.267887,0.11942955931935625,4.8368971524324005,0.0,27652.071143,162525.349513,55336.0,4.956326711751757,245513.420656
2025-09-29 15:34:25,0.10075787228574228,11.486397440564884,51.1,27652.413937,152796.887672,59877.5,62.68715531285063,240326.80160900002,0.10075787228574228,3.7280412745549953,0.0,27652.413937,162548.64765199999,55336.0,3.8287991468407374,245537.061589
2025-09-29 15:34:30,0.0,11.660330329928042,51.2,27652.753039,152860.31603800002,60133.5,62.86033032992805,240646.56907700002,0.0,3.9423021591842318,0.0,27652.753039,162569.85188799998,55336.0,3.9423021591842318,245558.60492699998
2025-09-29 15:34:35,0.06855086115687117,11.516544674366825,51.1,27653.176856,152926.117063,60389.0,62.6850955355237,240968.29391900002,0.06855086115687117,3.838848224772316,0.0,27653.176856,162591.648789,55336.0,3.907399085929187,245580.825645
2025-09-29 15:34:40,0.09988746085566394,12.286157685289817,51.2,27653.537584,152990.59252200002,60645.0,63.58604514614548,241289.13010600003,0.09988746085566394,4.395048277676467,0.0,27653.537584,162614.376287,55336.0,4.4949357385321305,245603.913871
2025-09-29 15:34:45,0.056967159713903176,13.216381053635901,51.2,27653.832066,153050.968611,60901.0,64.47334821334981,241605.800677,0.056967159713903176,4.386471297977021,0.0,27653.832066,162634.87205099998,55336.0,4.443438457690924,245624.704117
2025-09-29 15:34:50,0.11151299479939102,12.656724909708855,51.2,27654.23744,153117.936096,61157.0,63.96823790450825,241929.173536,0.11151299479939102,4.4047632945723,0.0,27654.23744,162657.506131,55336.0,4.516276289371691,245647.743571
2025-09-29 15:34:55,0.06104923837072284,11.904601482238553,51.1,27654.573877,153181.356326,61412.5,63.06565072060928,242248.430203,0.06104923837072284,4.090298970808239,0.0,27654.573877,162679.42978399998,55336.0,4.151348209178962,245670.00366099997
2025-09-29 15:35:00,0.07165985184817754,10.892297480936021,51.2,27654.980292,153243.920253,61668.5,62.1639573327842,242567.40054499998,0.07165985184817754,3.7979721479485216,0.0,27654.980292,162700.823654,55336.0,3.8696319997966993,245691.803946
2025-09-29 15:35:05,0.0,12.376536619875134,51.2,27655.237583,153307.395562,61924.5,63.576536619875135,242887.133145,0.0,4.307252832478392,0.0,27655.237583,162722.52986399998,55336.0,4.307252832478392,245713.767447
2025-09-29 15:35:10,0.05500206877428405,12.650475818092833,51.2,27655.646633999997,153377.147119,62180.5,63.90547788686712,243213.293753,0.05500206877428405,4.345163433177194,0.0,27655.646633999997,162745.967285,55336.0,4.400165501951478,245737.613919
2025-09-29 15:35:15,0.0,11.425166094663377,51.1,27655.99829,153441.044859,62436.0,62.525166094663376,243533.04314899998,0.0,4.240267828949,0.0,27655.99829,162768.59828200002,55336.0,4.240267828949,245760.596572
2025-09-29 15:35:20,0.0853189576436206,12.88316260418477,51.2,27656.347352,153504.737753,62692.0,64.1684815618284,243853.085105,0.0853189576436206,4.692542670428231,0.0,27656.347352,162792.188703,55336.0,4.777861628071851,245784.536055
2025-09-29 15:35:25,0.10175172328189207,11.548820592507475,51.2,27656.679376,153559.410601,62948.0,62.85057231578937,244164.08997700003,0.10175172328189207,4.2226965161927374,0.0,27656.679376,162812.24833700003,55336.0,4.32444823947463,245804.92771300004
2025-09-29 15:35:30,0.09035558172758545,10.345714107821887,51.2,27657.066427,153621.614691,63204.0,61.63606968954947,244482.681118,0.09035558172758545,3.5238676873902137,0.0,27657.066427,162834.071265,55336.0,3.614223269117799,245827.13769200002
2025-09-29 15:35:35,0.05039091984248864,11.53952064392646,51.2,27657.425429,153691.276164,63460.0,62.78991156376895,244808.701593,0.05039091984248864,4.081664507251892,0.0,27657.425429,162857.506918,55336.0,4.132055427094381,245850.932347
2025-09-29 15:35:40,0.07946523659709319,12.952833565346062,51.1,27657.770414,153754.41155000002,63715.5,64.13229880194315,245127.68196400002,0.07946523659709319,4.6089837226205645,0.0,27657.770414,162878.962753,55336.0,4.6884489592176575,245872.733167
2025-09-29 15:35:45,0.0,13.215190443212391,51.2,27658.055475,153810.771244,63971.5,64.4151904432124,245440.326719,0.0,4.558952161635522,0.0,27658.055475,162899.227124,55336.0,4.558952161635522,245893.282599
2025-09-29 15:35:50,0.05786754827159103,13.193801005928016,51.2,27658.452825,153876.51572700002,64227.5,64.45166855419961,245762.468552,0.05786754827159103,4.629403861748334,0.0,27658.452825,162922.528831,55336.0,4.687271410019925,245916.98165600002
2025-09-29 15:35:55,0.0,11.000666170115869,51.1,27658.795739,153939.893135,64483.0,62.10066617011587,246081.68887399998,0.0,3.8598828667233365,0.0,27658.795739,162944.349224,55336.0,3.8598828667233365,245939.144963
2025-09-29 15:36:00,0.0638347952713245,11.809437125196483,51.2,27659.192411,154001.639973,64739.0,63.07327192046781,246399.832384,0.0638347952713245,4.213096487910319,0.0,27659.192411,162965.700767,55336.0,4.276931283181644,245960.893178
2025-09-29 15:36:05,0.0828167514125049,12.091245706229481,51.1,27659.552646,154067.054083,64994.5,63.27406245764199,246721.106729,0.0828167514125049,3.975204067800235,0.0,27659.552646,162988.273949,55336.0,4.05802081921274,245983.826595
2025-09-29 15:36:10,0.10023821739296744,11.427156782821077,51.1,27659.890339999998,154122.54276100002,65250.0,62.627395000214044,247032.43310100003,0.10023821739296744,4.21000513050919,0.0,27659.890339999998,163008.317213,55336.0,4.310243347902158,246004.20755300001
2025-09-29 15:36:15,0.1105360009750101,12.269496108243715,51.2,27660.239948,154188.586499,65506.0,63.58003210921873,247354.826447,0.1105360009750101,4.366172038521696,0.0,27660.239948,163031.53364500002,55336.0,4.476708039496706,246027.77359300002
2025-09-29 15:36:20,0.0585285911277765,13.110404412643227,51.1,27660.576591999998,154251.37988,65761.5,64.26893300377101,247673.456472,0.0585285911277765,4.506701516845444,0.0,27660.576591999998,163053.385243,55336.0,4.565230107973221,246049.961835
2025-09-29 15:36:25,0.06420463701725036,10.91478829294716,51.2,27660.905446,154310.99765900002,66017.5,62.17899292996441,247989.403105,0.06420463701725036,3.8522782210291826,0.0,27660.905446,163074.147862,55336.0,3.916482858046433,246071.053308
2025-09-29 15:36:30,0.0,10.837817220829983,51.2,27661.241912,154371.619483,66273.5,62.037817220829986,248306.36139499999,0.0,3.971108600021288,0.0,27661.241912,163095.577472,55336.0,3.971108600021288,246092.819384
2025-09-29 15:36:35,0.05261186295088957,11.785057301018403,51.2,27661.592239,154429.685951,66529.5,63.0376691639693,248620.77818999998,0.05261186295088957,4.208949036071165,0.0,27661.592239,163117.063134,55336.0,4.261560899022054,246114.655373
2025-09-29 15:36:40,0.05667270605540669,12.751358862478105,51.1,27661.944637,154495.301416,66785.0,63.90803156853352,248942.246053,0.05667270605540669,4.363798366252141,0.0,27661.944637,163139.170269,55336.0,4.4204710723075475,246137.114906
2025-09-29 15:36:45,0.11083012587145849,11.74799334237964,51.2,27662.325572,154558.38344,67041.0,63.058823468251106,249261.709012,0.11083012587145849,4.156129720183474,0.0,27662.325572,163160.833502,55336.0,4.266959846054932,246159.159074
2025-09-29 15:36:50,0.14646170219174343,12.961860643984279,51.2,27662.666526,154619.93509400001,67297.0,64.30832234617603,249579.60162000003,0.14646170219174343,4.393851065772284,0.0,27662.666526,163181.997003,55336.0,4.540312767964028,246180.663529
2025-09-29 15:36:55,0.0,10.522207049494519,51.2,27662.939519,154677.871398,67553.0,61.72220704949452,249893.810917,0.0,3.908248332668611,0.0,27662.939519,163202.68359200002,55336.0,3.908248332668611,246201.62311100002
2025-09-29 15:37:00,0.08741507611787044,9.834196063269369,51.1,27663.344423,154732.506544,67808.5,61.02161113938724,250204.350967,0.08741507611787044,3.496603044714818,0.0,27663.344423,163222.88532,55336.0,3.5840181208326882,246222.229743
2025-09-29 15:37:05,0.047604995590065875,11.13956896808624,51.2,27663.681437,154795.38722899999,68064.5,62.387173963676304,250523.56866599998,0.047604995590065875,3.5703746692581877,0.0,27663.681437,163245.635632,55336.0,3.6179796648482534,246245.31706899998
2025-09-29 15:37:10,0.11410530420671484,12.437478158544891,51.2,27664.081320999998,154860.308171,68320.5,63.75158346275161,250844.88949200002,0.11410530420671484,4.278948907755698,0.0,27664.081320999998,163267.24098499998,55336.0,4.393054211962413,246267.322306
2025-09-29 15:37:15,0.06048303729308417,10.645014563582812,51.2,27664.352389,154920.080245,68576.5,61.9054976008759,251160.932634,0.06048303729308417,3.5684992002960914,0.0,27664.352389,163287.187305,55336.0,3.6289822375891756,246287.539694
2025-09-29 15:37:20,0.0926533552146168,12.137589533137975,51.2,27664.690974,154981.630339,68832.5,63.430242888352595,251478.821313,0.0926533552146168,4.262054339901867,0.0,27664.690974,163307.796396,55336.0,4.354707695116484,246308.48737
2025-09-29 15:37:25,0.0470453931720023,10.820440429566945,51.1,27665.022599999997,155034.97718000002,69088.0,61.96748582273895,251787.99978,0.0470453931720023,3.6224952742495256,0.0,27665.022599999997,163326.292869,55336.0,3.669540667421528,246327.315469
2025-09-29 15:37:30,0.041183014700671296,9.307361322353586,51.2,27665.34239,155095.325212,69344.0,60.54854433705426,252104.667602,0.041183014700671296,3.212275146650488,0.0,27665.34239,163347.020036,55336.0,3.2534581613511593,246348.362426
2025-09-29 15:37:35,0.0,11.497327328712078,51.0,27665.682154000002,155158.84031499998,69599.0,62.497327328712075,252423.522469,0.0,4.079696794056949,0.0,27665.682154000002,163369.391803,55336.0,4.079696794056949,246371.07395700002
2025-09-29 15:37:40,0.153181038341658,11.41198735647616,51.2,27666.050645,155216.634544,69855.0,62.76516839481782,252737.685189,0.153181038341658,3.9061164777314357,0.0,27666.050645,163389.454192,55336.0,4.0592975160730935,246391.50483700001
2025-09-29 15:37:45,0.11046119891335009,12.482115477175597,51.2,27666.328071,155270.33819,70111.0,63.79257667608895,253047.666261,0.11046119891335009,4.3632173570536255,0.0,27666.328071,163408.050849,55336.0,4.473678555966975,246410.37892
2025-09-29 15:37:50,0.10286880162847845,11.932780988878939,51.1,27666.710276,155332.516999,70366.5,63.135649790507415,253365.727275,0.10286880162847845,3.9604488626910106,0.0,27666.710276,163428.997287,55336.0,4.063317664319489,246431.707563
2025-09-29 15:37:55,0.04937419882535644,11.356065729838718,51.2,27667.032324,155394.632517,70622.5,62.605439928664076,253684.164841,0.04937419882535644,3.9993101048639756,0.0,27667.032324,163449.895634,55336.0,4.048684303689332,246452.927958
2025-09-29 15:38:00,0.05649537538109721,9.717204565564133,51.2,27667.338431,155450.49665800002,70878.5,60.97369994094523,253996.33508900003,0.05649537538109721,3.6157040244107734,0.0,27667.338431,163469.894744,55336.0,3.6721993997918707,246473.233175
2025-09-29 15:38:05,0.0,10.195951415946187,51.2,27667.676729,155510.523996,71134.5,61.395951415946186,254312.700725,0.0,3.553134584338923,0.0,27667.676729,163491.652143,55336.0,3.553134584338923,246495.328872
2025-09-29 15:38:10,0.050706505350773534,11.206137682526716,51.2,27667.961388000003,155565.988548,71390.5,62.45684418787749,254624.449936,0.050706505350773534,4.2593464494695885,0.0,27667.961388000003,163511.830363,55336.0,4.310052954820362,246515.79175099998
2025-09-29 15:38:15,0.10054952344968511,11.311821388067715,51.1,27668.387885,155627.430078,71646.0,62.5123709115174,254941.817963,0.10054952344968511,3.8711566528075902,0.0,27668.387885,163533.250164,55336.0,3.971706176257275,246537.638049
2025-09-29 15:38:20,0.0,12.817920501275951,51.1,27668.649755,155689.06285299998,71901.5,63.91792050127595,255259.21260799997,0.0,4.458407130856064,0.0,27668.649755,163554.272846,55336.0,4.458407130856064,246558.922601
2025-09-29 15:38:25,0.06464050148774628,10.53640174251881,51.2,27669.027817,155747.476091,72157.5,61.80104224400656,255574.00390799998,0.06464050148774628,3.4905870803236017,0.0,27669.027817,163574.51696500002,55336.0,3.555227581811348,246579.544782
2025-09-29 15:38:30,0.041110775358286694,9.332146006288315,51.3,27669.347849,155798.525969,72414.0,60.6732567816466,255881.87381800002,0.041110775358286694,3.4533051300801922,0.0,27669.347849,163593.68971,55336.0,3.494415905438479,246599.03755900002
2025-09-29 15:38:35,0.05057434988721535,11.480377424392135,51.3,27669.619991000003,155860.639863,72670.5,62.83095177427935,256200.759854,0.05057434988721535,4.2482453905306885,0.0,27669.619991000003,163616.009588,55336.0,4.298819740417904,246621.629579
2025-09-29 15:38:40,0.05069698910821406,11.457519538411997,51.3,27669.98059,155919.924328,72927.0,62.80821652752021,256516.904918,0.05069698910821406,4.258547085070385,0.0,27669.98059,163638.09482300002,55336.0,4.309244074178599,246644.075413
2025-09-29 15:38:45,0.058047928737872366,10.332531315285188,51.2,27670.296098,155977.183149,73183.0,61.59057924402306,256830.47924699998,0.058047928737872366,3.482875724247265,0.0,27670.296098,163658.617711,55336.0,3.540923652985138,246664.913809
2025-09-29 15:38:50,0.16914509663332944,11.501866571049096,51.2,27670.681291999997,156036.45648400002,73439.0,62.871011667682424,257146.13777600002,0.16914509663332944,4.313199964128027,0.0,27670.681291999997,163679.838323,55336.0,4.482345060761356,246686.519615
2025-09-29 15:38:55,0.06290425802466455,10.442106832102898,51.2,27670.933851,156090.085586,73695.0,61.70501109012756,257456.019437,0.06290425802466455,3.3968299333290255,0.0,27670.933851,163697.824011,55336.0,3.45973419135369,246704.757862
2025-09-29 15:39:00,0.0,10.06049661381655,51.2,27671.243644000002,156147.552199,73951.0,61.26049661381656,257769.795843,0.0,3.7896041056542695,0.0,27671.243644000002,163718.64570300002,55336.0,3.7896041056542695,246725.88934700002
2025-09-29 15:39:05,0.05565774191919075,10.352339996923286,51.3,27671.624349,156205.929438,74207.5,61.70799773884247,258085.05378699998,0.05565774191919075,3.450779998967679,0.0,27671.624349,163739.866759,55336.0,3.5064377408868697,246747.491108
2025-09-29 15:39:10,0.07796868131973861,11.383427472685383,51.2,27671.94631,156265.99496500002,74463.5,62.661396154005125,258401.44127500002,0.07796868131973861,3.7424967033474537,0.0,27671.94631,163759.73671599998,55336.0,3.8204653846671923,246767.68302599998
2025-09-29 15:39:15,0.05326642737154788,12.357811150228173,51.2,27672.222181999998,156320.595599,74719.5,63.61107757759972,258712.317781,0.05326642737154788,4.1015149076152415,0.0,27672.222181999998,163778.10879600001,55336.0,4.154781334986789,246786.330978
2025-09-29 15:39:20,0.054658171156981926,12.735353879578032,51.2,27672.603735,156385.055282,74975.5,63.99001205073502,259033.159017,0.054658171156981926,4.2086791790938225,0.0,27672.603735,163799.670104,55336.0,4.263337350250804,246808.273839
2025-09-29 15:39:25,0.047330687079642976,10.412751157457961,51.1,27672.946946,156442.26759399998,75231.0,61.560081844537606,259346.21454,0.047330687079642976,3.7391242792608557,0.0,27672.946946,163819.508597,55336.0,3.7864549663404987,246828.45554300002
2025-09-29 15:39:30,0.0,9.986490816141988,51.2,27673.201997,156497.29765300002,75487.0,61.18649081614199,259657.49965,0.0,3.443617522803262,0.0,27673.201997,163838.09146,55336.0,3.443617522803262,246847.293457
2025-09-29 15:39:35,0.08024684488293321,10.512336679655126,51.3,27673.618594,156559.256367,75743.5,61.892583524538054,259976.374961,0.08024684488293321,3.6913548646112786,0.0,27673.618594,163858.797838,55336.0,3.771601709494212,246868.416432
2025-09-29 15:39:40,0.051506008858554345,11.691864010904718,51.2,27673.913235,156615.486292,75999.5,62.94337001976328,260288.89952699997,0.051506008858554345,4.017468690983635,0.0,27673.913235,163878.113831,55336.0,4.068974699842189,246888.02706599998
2025-09-29 15:39:45,0.04652040996704698,10.513612652571659,51.2,27674.281146,156675.810155,76255.5,61.760133062538706,260605.591301,0.04652040996704698,3.675112387404116,0.0,27674.281146,163898.515431,55336.0,3.721632797371163,246908.796577
2025-09-29 15:39:50,0.057486615848265483,12.01470271229925,51.2,27674.601069,156737.156682,76511.5,63.27218932814752,260923.257751,0.057486615848265483,4.139036341085571,0.0,27674.601069,163919.41539799998,55336.0,4.196522956933837,246930.01646699998
2025-09-29 15:39:55,0.05279274924357838,10.980891842673907,51.2,27674.87135,156785.592032,76767.5,62.23368459191749,261227.963382,0.05279274924357838,3.6426996978129105,0.0,27674.87135,163935.867391,55336.0,3.695492447056489,246946.738741
2025-09-29 15:40:00,0.06695141542518546,10.712226468029671,51.2,27675.335769999998,156851.63279899998,77023.5,61.97917788345486,261550.468569,0.06695141542518546,3.548425017530262,0.0,27675.335769999998,163958.51518199997,55336.0,3.6153764329554474,246969.85095199998
2025-09-29 15:40:05,0.10430988193641864,11.995636422695261,51.1,27675.616895,156906.638098,77279.0,63.19994630463168,261861.254993,0.10430988193641864,4.3288601003554446,0.0,27675.616895,163978.67751799998,55336.0,4.433169982291863,246990.294413
2025-09-29 15:40:10,0.047098986022822434,10.738568813207799,51.2,27675.924445,156965.537179,77535.0,61.985667799230626,262176.461624,0.047098986022822434,3.9092158399060426,0.0,27675.924445,164000.373291,55336.0,3.956314825928865,247012.297736
2025-09-29 15:40:15,0.09108388990891948,10.474647339531952,51.2,27676.282036999997,157025.55702,77791.0,61.765731229440874,262492.839057,0.09108388990891948,3.7344394862677697,0.0,27676.282036999997,164022.415098,55336.0,3.8255233761766894,247034.697135
2025-09-29 15:40:20,0.0670221111843017,12.198024235552051,51.2,27676.594165000002,157082.562514,78047.0,63.46504634673636,262806.156679,0.0670221111843017,4.289415115795308,0.0,27676.594165000002,164042.252132,55336.0,4.35643722697961,247054.846297
2025-09-29 15:40:25,0.06578771492342846,9.40764323406074,51.3,27676.951357,157138.327043,78303.5,60.77343094898417,263118.7784,0.06578771492342846,3.092022601387675,0.0,27676.951357,164061.44187,55336.0,3.157810316311103,247074.39322700002
2025-09-29 15:40:30,0.04136217365426773,9.554662114149952,51.2,27677.203533999997,157190.51304700001,78559.5,60.79602428780422,263427.216581,0.04136217365426773,3.3089738923414185,0.0,27677.203533999997,164078.73859199998,55336.0,3.3503360659956862,247091.94212599998
2025-09-29 15:40:35,0.05021627969889629,11.499528051043827,51.2,27677.595399,157255.72822199998,78815.5,62.74974433074273,263748.823621,0.05021627969889629,3.9670860962208,0.0,27677.595399,164101.043103,55336.0,4.017302375919696,247114.63850200002
2025-09-29 15:40:40,0.052828980430500494,11.622375694724523,51.2,27677.971789,157316.59344300002,79071.5,62.875204675155025,264066.065232,0.052828980430500494,3.9093445518498293,0.0,27677.971789,164121.576133,55336.0,3.96217353228033,247135.547922
2025-09-29 15:40:45,0.05477119164434429,9.968356879278135,51.1,27678.284246,157374.09798400002,79327.0,61.123128070922476,264379.38223,0.05477119164434429,3.341042690311228,0.0,27678.284246,164140.633727,55336.0,3.395813881955572,247154.917973
2025-09-29 15:40:50,0.08916277588124172,11.858649192231505,51.3,27678.655816000002,157434.106498,79583.5,63.24781196811274,264696.26231400005,0.08916277588124172,3.9231621387665268,0.0,27678.655816000002,164160.04557299998,55336.0,4.012324914647769,247174.701389
2025-09-29 15:40:55,0.03751136253712105,10.990829223387555,51.1,27678.866491,157485.992746,79839.0,62.128340585924676,265003.859237,0.03751136253712105,3.56357944103247,0.0,27678.866491,164177.112135,55336.0,3.601090803569591,247191.978626
2025-09-29 15:41:00,0.042843080462319855,9.81106542588391,51.2,27679.226123,157545.203727,80095.0,61.05390850634623,265319.42984999996,0.042843080462319855,3.256074115147998,0.0,27679.226123,164196.474507,55336.0,3.298917195610318,247211.70063
2025-09-29 15:41:05,0.0,10.273415285249024,51.2,27679.551023,157606.387101,80351.0,61.473415285249025,265636.938124,0.0,3.6286833805711827,0.0,27679.551023,164217.299166,55336.0,3.6286833805711827,247232.85018900002
2025-09-29 15:41:10,0.12661699763592954,10.952370295515102,51.2,27679.918754,157663.481719,80607.0,62.27898729315103,265950.400473,0.12661699763592954,3.798509929072128,0.0,27679.918754,164237.223414,55336.0,3.9251269267080575,247253.142168
2025-09-29 15:41:15,0.07438421853503509,9.96748528370485,51.3,27680.245608,157722.718927,80863.5,61.34186950223988,266266.46453500004,0.07438421853503509,3.272905615534779,0.0,27680.245608,164256.989131,55336.0,3.347289834069814,247273.234739
2025-09-29 15:41:20,0.0,11.382065919947108,51.2,27680.534827,157779.09327,81119.5,62.58206591994711,266579.128097,0.0,3.9937073403243524,0.0,27680.534827,164275.996574,55336.0,3.9937073403243524,247292.531401
2025-09-29 15:41:25,0.09220002712099254,10.556903105367272,51.2,27680.95535,157839.42025899998,81375.5,61.84910313248827,266895.875609,0.09220002712099254,3.6419010712697717,0.0,27680.95535,164296.915869,55336.0,3.7341010983907643,247313.871219
2025-09-29 15:41:30,0.09768849313299666,10.306136025543363,51.2,27681.306764,157898.041617,81631.5,61.60382451867636,267210.848381,0.09768849313299666,3.3214087665263294,0.0,27681.306764,164316.164647,55336.0,3.419097259659326,247333.471411
2025-09-29 15:41:35,0.06264475072988507,10.461673371912173,51.2,27681.578756000003,157958.83033800003,81887.5,61.72431812264206,267527.909094,0.06264475072988507,3.4454612901422546,0.0,27681.578756000003,164335.89732199998,55336.0,3.5081060408721396,247353.47607799998
2025-09-29 15:41:40,0.04851230545463722,11.06080564367935,51.3,27681.914032,158012.042397,82144.0,62.409317949133985,267837.956429,0.04851230545463722,3.735447520012582,0.0,27681.914032,164353.518191,55336.0,3.7839598254672193,247371.432223
2025-09-29 15:41:45,0.04997239585226014,11.393706254319856,51.2,27682.229371999998,158071.839976,82400.0,62.64367865017212,268154.069348,0.04997239585226014,3.847874480629712,0.0,27682.229371999998,164373.747151,55336.0,3.8978468764819723,247391.976523
2025-09-29 15:41:50,0.05419985546581639,12.357567046211065,51.2,27682.555962,158135.120057,82656.0,63.61176690167689,268473.676019,0.05419985546581639,4.119189015416834,0.0,27682.555962,164394.69513,55336.0,4.17338887088265,247413.251092
2025-09-29 15:41:55,0.111650942368013,10.27188669786735,51.1,27682.927711,158192.380244,82911.5,61.48353764023537,268786.80795499997,0.111650942368013,3.405353742210434,0.0,27682.927711,164413.79156800002,55336.0,3.517004684578447,247432.719279
2025-09-29 15:42:00,0.07874661664934245,11.02452633092943,51.2,27683.239632,158250.17328999998,83167.5,62.303272947578776,269100.912922,0.07874661664934245,3.701090982502981,0.0,27683.239632,164434.267619,55336.0,3.7798375991523234,247453.507251
2025-09-29 15:42:05,0.04519356389961781,10.21374544133212,51.2,27683.523654,158305.419585,83423.5,61.45893900523174,269412.443239,0.04519356389961781,3.299130164689569,0.0,27683.523654,164452.781488,55336.0,3.344323728589187,247472.305142
2025-09-29 15:42:10,0.043916097294277506,10.012870183099263,51.2,27683.89627,158366.38119699998,83679.5,61.25678628039354,269729.77746699995,0.043916097294277506,3.205875102483256,0.0,27683.89627,164473.235674,55336.0,3.2497911997775333,247493.131944
2025-09-29 15:42:15,0.09970411862899745,10.81789687124736,51.2,27684.264606,158426.122644,83935.5,62.11760098987636,270045.88725,0.09970411862899745,3.639200329959541,0.0,27684.264606,164493.24857199998,55336.0,3.738904448588538,247513.513178
2025-09-29 15:42:20,0.0,11.462970164450104,51.1,27684.54227,158485.82508699998,84191.0,62.56297016445011,270361.367357,0.0,4.106138566377154,0.0,27684.54227,164513.875658,55336.0,4.106138566377154,247534.417928
2025-09-29 15:42:25,0.09116090218282688,10.30118194666151,51.2,27684.903462,158537.033792,84447.0,61.59234284884434,270668.937254,0.09116090218282688,3.5096947340440163,0.0,27684.903462,164531.56319800002,55336.0,3.6008556362268433,247552.46666
2025-09-29 15:42:30,0.0434248770218365,9.727172452891375,51.2,27685.213368,158596.282495,84703.0,60.97059732991322,270984.495863,0.0434248770218365,3.343715530686347,0.0,27685.213368,164551.89736799998,55336.0,3.3871404077081833,247573.11073599997
2025-09-29 15:42:35,0.05470755241719034,11.7074162173061,51.2,27685.585844,158658.99588700003,84959.0,62.96212376972329,271303.58173100004,0.05470755241719034,4.157773983721393,0.0,27685.585844,164573.40456300002,55336.0,4.212481536138584,247594.990407
2025-09-29 15:42:40,0.06471530223324329,11.325177890827876,51.2,27685.902718,158715.049549,85215.0,62.58989319306112,271615.952267,0.06471530223324329,4.141779342951114,0.0,27685.902718,164593.29404100002,55336.0,4.206494645184358,247615.196759
2025-09-29 15:42:45,0.07722555181424243,10.116547287656978,51.2,27686.214415,158772.741785,85471.0,61.393772839471225,271929.9562,0.07722555181424243,3.3979242798196427,0.0,27686.214415,164613.584163,55336.0,3.4751498316338854,247635.798578
2025-09-29 15:42:50,0.10357680621708172,11.75596750565173,51.2,27686.546979000002,158828.303176,85727.0,63.05954431186881,272241.850155,0.10357680621708172,4.350225861122143,0.0,27686.546979000002,164633.23794000002,55336.0,4.453802667339225,247655.78491900003
2025-09-29 15:42:55,0.08541664385266795,9.82291404306264,51.2,27686.838303,158885.685921,85983.0,61.10833068691531,272555.524224,0.08541664385266795,3.502082397961328,0.0,27686.838303,164654.60907500001,55336.0,3.587499041813996,247677.447378
2025-09-29 15:43:00,0.04777789175219323,9.985579376218162,51.3,27687.134402999996,158942.354946,86239.5,61.33335726797036,272868.98934900004,0.04777789175219323,3.3922303144046335,0.0,27687.134402999996,164673.630875,55336.0,3.440008206156827,247696.765278
2025-09-29 15:43:05,0.06378445283113891,10.396865811491596,51.2,27687.44811,159000.51773000002,86495.5,61.66065026432274,273183.46584,0.06378445283113891,3.571929358532177,0.0,27687.44811,164693.686652,55336.0,3.635713811363316,247717.134762
2025-09-29 15:43:10,0.17024703176954806,10.38506893793082,51.1,27687.816740000002,159057.305155,86751.0,61.65531596970037,273496.121895,0.17024703176954806,3.4900641512776716,0.0,27687.816740000002,164712.72259299998,55336.0,3.6603111830472197,247736.539333
2025-09-29 15:43:15,0.1128344323216891,12.69387363620157,51.2,27688.147667,159111.64602,87007.0,64.00670806852327,273806.793687,0.1128344323216891,4.344125644391444,0.0,27688.147667,164731.625231,55336.0,4.456960076713133,247755.77289800002
2025-09-29 15:43:20,0.11458970107564494,13.177815623727827,51.2,27688.520963000003,159173.59879800002,87263.0,64.49240532480347,274125.11976100004,0.11458970107564494,4.4117034914188435,0.0,27688.520963000003,164751.699339,55336.0,4.526293192494489,247776.220302
2025-09-29 15:43:25,0.10962652538901282,11.017465801597035,51.2,27688.841991999998,159231.164876,87519.0,62.32709232698605,274439.006868,0.10962652538901282,3.672488600525698,0.0,27688.841991999998,164771.368591,55336.0,3.7821151259147108,247796.210583
2025-09-29 15:43:30,0.06654933364623433,10.31514671517086,51.2,27689.17745,159288.76027199998,87775.0,61.58169604881709,274752.93772199994,0.06654933364623433,3.593664016905733,0.0,27689.17745,164790.82527899998,55336.0,3.660213350551967,247816.00272899997
2025-09-29 15:43:35,0.10340606914816361,12.253619194082077,51.2,27689.455105,159344.658986,88031.0,63.557025263230244,275065.114091,0.10340606914816361,3.7743215239091477,0.0,27689.455105,164808.842471,55336.0,3.8777275930573114,247834.297576
2025-09-29 15:43:40,0.09532763391735567,11.153333168341451,51.2,27689.822737000002,159406.55909599998,88287.0,62.44866080225881,275383.381833,0.09532763391735567,3.8607691736453185,0.0,27689.822737000002,164828.747708,55336.0,3.956096807562674,247854.57044500002
2025-09-29 15:43:45,0.046244761843453025,11.006253318739718,51.3,27690.139224,159466.577096,88543.5,62.35249808058317,275700.21632,0.046244761843453025,3.468357138262131,0.0,27690.139224,164848.663703,55336.0,3.514601900105584,247874.80292699998
2025-09-29 15:43:50,0.06883443055804198,12.252528639334601,51.1,27690.470175,159527.79166400002,88799.0,63.42136306989264,276017.26183900004,0.06883443055804198,4.267734694595472,0.0,27690.470175,164869.057413,55336.0,4.336569125153514,247895.527588
2025-09-29 15:43:55,0.15427790965838534,11.570843224389423,51.2,27690.832593000003,159583.729765,89055.0,62.925121134047814,276329.56235799997,0.15427790965838534,3.856947741463141,0.0,27690.832593000003,164888.00289200002,55336.0,4.011225651121526,247914.83548500002
2025-09-29 15:44:00,0.040146337246150646,9.153364892140603,51.2,27691.083207,159635.36850799999,89311.0,60.39351122938676,276637.451715,0.040146337246150646,3.291999654200784,0.0,27691.083207,164907.047154,55336.0,3.3321459914469345,247934.130361
2025-09-29 15:44:05,0.10016047710990267,11.86901653752916,51.3,27691.470346000002,159697.223723,89567.5,63.269177014639055,276956.194069,0.10016047710990267,3.756017891624767,0.0,27691.470346000002,164928.08456699998,55336.0,3.8561783687346693,247955.55491299997
2025-09-29 15:44:10,0.04931751153382669,11.34302765278687,51.2,27691.789944,159757.10033999998,89823.5,62.5923451643207,277272.39028399996,0.04931751153382669,3.7481308765842853,0.0,27691.789944,164948.02294400003,55336.0,3.797448388118112,247975.81288800001
2025-09-29 15:44:15,0.05705631326993851,9.927798508966706,51.2,27692.101423,159813.769482,90079.5,61.184854822236645,277585.370905,0.05705631326993851,3.366322482930264,0.0,27692.101423,164967.827281,55336.0,3.4233787962002027,247995.92870400002
2025-09-29 15:44:20,0.0,11.46137051800204,51.3,27692.421479,159872.05011200003,90336.0,62.76137051800204,277900.47159100004,0.0,4.231890652799272,0.0,27692.421479,164988.099104,55336.0,4.231890652799272,248016.520583
2025-09-29 15:44:25,0.044951831744636,10.608632291746364,51.1,27692.725682999997,159922.012322,90591.5,61.753584123491,278206.238005,0.044951831744636,3.4163392125882486,0.0,27692.725682999997,165005.963297,55336.0,3.4612910443328846,248034.68898
2025-09-29 15:44:30,0.03713889740785112,8.876196480482326,51.2,27693.026043,159980.493966,90847.5,60.11333537789018,278521.02000899997,0.03713889740785112,2.822556203006818,0.0,27693.026043,165024.78981699998,55336.0,2.8596951004146693,248053.81585999997
2025-09-29 15:44:35,0.05068148041858575,10.896518289994782,51.2,27693.395471,160040.722009,91103.5,62.14719977041337,278837.61748,0.05068148041858575,3.6997480705579116,0.0,27693.395471,165045.20263299998,55336.0,3.7504295509764973,248074.59810399998
2025-09-29 15:44:40,0.06908496943917539,11.606274865794035,51.2,27693.702875000003,160098.459252,91359.5,62.87535983523321,279151.662127,0.06908496943917539,4.006928227487881,0.0,27693.702875000003,165065.398533,55336.0,4.0760131969270565,248095.101408
2025-09-29 15:44:45,0.08020989330396658,10.266866342907722,51.2,27694.018948,160156.04424900003,91615.5,61.547076236211694,279465.56319700007,0.08020989330396658,3.529235305396414,0.0,27694.018948,165085.692431,55336.0,3.6094451987003806,248115.71137900001
2025-09-29 15:44:50,0.050042120609680135,11.709856222676528,51.2,27694.344406,160211.069958,91871.5,62.95989834328621,279776.91436399997,0.050042120609680135,3.953327528172695,0.0,27694.344406,165104.54078799998,55336.0,4.003369648782376,248134.88519399997
2025-09-29 15:44:55,0.0960727979697551,11.048371766496988,51.2,27694.658395,160271.198871,92127.5,62.34444456446675,280093.357266,0.0960727979697551,3.7948755198021864,0.0,27694.658395,165125.210808,55336.0,3.8909483177719415,248155.869203
2025-09-29 15:45:00,0.04386011872831601,9.693086238978779,51.2,27694.957375,160328.743243,92383.5,60.9369463577071,280407.200618,0.04386011872831601,3.3772291420693628,0.0,27694.957375,165144.471961,55336.0,3.421089260797679,248175.429336
2025-09-29 15:45:05,0.06879067317375462,10.731345015099464,51.3,27695.288052,160388.664447,92640.0,62.10013568827321,280723.952499,0.06879067317375462,3.714696351367108,0.0,27695.288052,165165.033512,55336.0,3.7834870245408623,248196.32156399998
2025-09-29 15:45:10,0.045530198107300586,10.426415366585294,51.2,27695.610667,160440.73248099998,92896.0,61.6719455646926,281032.34314799996,0.045530198107300586,3.5058252542673225,0.0,27695.610667,165182.509095,55336.0,3.551355452374623,248214.119762
2025-09-29 15:45:15,0.04974743406413688,10.79519319185747,51.3,27695.943257000003,160501.66005500001,93152.5,62.144940625921606,281350.10331200005,0.04974743406413688,3.780804988866485,0.0,27695.943257000003,165203.617233,55336.0,3.830552422930622,248235.56049
2025-09-29 15:45:20,0.051673528813268324,12.143279271052556,51.2,27696.239195,160561.497619,93408.5,63.39495279986583,281666.236814,0.051673528813268324,4.082208776233217,0.0,27696.239195,165223.85540499998,55336.0,4.133882305046485,248256.09459999998
2025-09-29 15:45:25,0.11729078838801087,10.732107137492495,51.2,27696.598949,160618.217907,93664.5,62.04939792588051,281979.316856,0.11729078838801087,3.753305228427015,0.0,27696.598949,165243.357988,55336.0,3.870596016815026,248275.956937
2025-09-29 15:45:30,0.0,10.705638332459475,51.2,27696.901426,160673.906308,93920.5,61.905638332459475,282291.30773400003,0.0,3.470103459493718,0.0,27696.901426,165262.26195400002,55336.0,3.470103459493718,248295.16338
2025-09-29 15:45:35,0.05156585510257159,11.963278383737986,51.2,27697.256398,160731.47828299997,94176.5,63.21484423884056,282605.234681,0.05156585510257159,3.970570842881305,0.0,27697.256398,165281.31636599998,55336.0,4.022136697983877,248314.57276399998
2025-09-29 15:45:40,0.05019934517626606,11.345052009856673,51.3,27697.635157999997,160792.819435,94433.0,62.69525135503294,282923.454593,0.05019934517626606,3.8653495785781935,0.0,27697.635157999997,165301.924556,55336.0,3.9155489237544594,248335.559714
2025-09-29 15:45:45,0.09348358490601043,10.283194339673901,51.2,27697.993036000003,160851.19632,94689.0,61.57667792457991,283238.189356,0.09348358490601043,3.4121508490874484,0.0,27697.993036000003,165321.490594,55336.0,3.5056344339934586,248355.48363
2025-09-29 15:45:50,0.0674511408007857,11.871400780938284,51.2,27698.304893,160908.258953,94945.0,63.138851921739075,283551.563846,0.0674511408007857,4.114519588855597,0.0,27698.304893,165340.830265,55336.0,4.181970729656382,248375.135158
2025-09-29 15:45:55,0.13310385474339653,9.650029468909866,51.2,27698.639207,160960.922625,95201.0,60.98313332365326,283860.56183200004,0.13310385474339653,3.4607002233343627,0.0,27698.639207,165358.83651,55336.0,3.5938040780777594,248393.475717
2025-09-29 15:46:00,0.08394320927877749,9.737412276345824,51.2,27698.943629,161015.188108,95457.0,61.0213554856246,284171.131737,0.08394320927877749,3.273785161885683,0.0,27698.943629,165377.494178,55336.0,3.3577283711644603,248412.437807
