,cu_watts,du_watts,ru_watts,cu_joules,du_joules,ru_joules,total_watts,total_joules
2025-09-29 08:48:00,0.0,,39.3,26008.436007,,196.5,39.3,26204.936007
2025-09-29 08:48:05,0.08365712563480447,,39.4,26008.750549,,393.5,39.48365712563481,26402.250549
2025-09-29 08:48:10,0.04182842198868638,,39.4,26009.01703,,590.5,39.44182842198868,26599.51703
2025-09-29 08:48:15,0.03722594615860755,,39.4,26009.280866999998,,787.5,39.437225946158605,26796.780866999998
2025-09-29 08:48:20,0.05624425337952617,,39.4,26009.555979,,984.5,39.45624425337952,26994.055979
2025-09-29 08:48:25,0.057319860641247604,,39.4,26009.808834,,1181.5,39.45731986064125,27191.308834
2025-09-29 08:48:30,0.03475811930287594,,39.4,26010.061021,,1378.5,39.43475811930288,27388.561021
2025-09-29 08:48:35,0.07888415976155452,,39.4,26010.375059,,1575.5,39.478884159761556,27585.875059
2025-09-29 08:48:40,0.04264173274468949,,39.4,26010.597475,,1772.5,39.44264173274469,27783.097475
2025-09-29 08:48:45,0.04128575271656354,,39.3,26010.847706,,1969.0,39.34128575271656,27979.847706
2025-09-29 08:48:50,0.0,,39.3,26011.099846999998,,2165.5,39.3,28176.599846999998
2025-09-29 08:48:55,0.02515026265690477,,39.3,26011.317253,,2362.0,39.325150262656905,28373.317253
2025-09-29 08:49:00,0.0625815308316525,,39.3,26011.615475,,2558.5,39.36258153083165,28570.115475
2025-09-29 08:49:05,0.0,,39.3,26011.885907,,2755.0,39.3,28766.885907
2025-09-29 08:49:10,0.05173791326123482,,39.4,26012.198964000003,,2952.0,39.45173791326123,28964.198964000003
2025-09-29 08:49:15,0.0,,39.4,26012.426828,,3149.0,39.4,29161.426828
2025-09-29 08:49:20,0.054369550500775965,,39.4,26012.674242,,3346.0,39.45436955050077,29358.674242
2025-09-29 08:49:25,0.07658745897648503,,39.4,26012.980366,,3543.0,39.47658745897648,29555.980366
2025-09-29 08:49:30,0.03500383153749924,,39.3,26013.234579,,3739.5,39.3350038315375,29752.734579
2025-09-29 08:49:35,0.0456111918312672,,39.4,26013.469664,,3936.5,39.44561119183127,29949.969664
2025-09-29 08:49:40,0.0343578523451018,,39.4,26013.785993,,4133.5,39.4343578523451,30147.285993
2025-09-29 08:49:45,0.10721223389912013,,39.4,26014.161119,,4330.5,39.50721223389912,30344.661119
2025-09-29 08:49:50,0.07615439993147309,,39.4,26014.513602000003,,4527.5,39.476154399931474,30542.013602000003
2025-09-29 08:49:55,0.04753348488577509,,39.4,26014.854816000003,,4724.5,39.447533484885774,30739.354816000003
2025-09-29 08:50:00,0.0,,39.4,26015.082975,,4921.5,39.4,30936.582975
2025-09-29 08:50:05,0.0,,36.7,26015.547787,,5105.0,36.7,31120.547787
2025-09-29 08:50:10,0.09190716466133916,,32.1,26016.018396,,5265.5,32.19190716466134,31281.518396
2025-09-29 08:50:15,0.03219434115478058,,33.8,26016.354335,,5434.5,33.832194341154775,31450.854335
2025-09-29 08:50:20,0.20949098207619618,,39.0,26016.779621,,5629.5,39.2094909820762,31646.279621
2025-09-29 08:50:25,0.029899379503065097,,49.7,26016.963717,,5878.0,49.72989937950307,31894.963717
2025-09-29 08:50:30,0.0,,50.6,26017.203056,,6131.0,50.6,32148.203056
2025-09-29 08:50:35,0.05467469098276271,,50.7,26017.564123,,6384.5,50.75467469098277,32402.064123
2025-09-29 08:50:40,0.0,,50.7,26017.899867,,6638.0,50.7,32655.899867
2025-09-29 08:50:45,0.11502841277339557,,50.6,26018.282733,,6891.0,50.7150284127734,32909.282733
2025-09-29 08:50:50,0.08405103804140987,,50.6,26018.668472,,7144.0,50.68405103804141,33162.668472000005
2025-09-29 08:50:55,0.07759283705313631,,50.6,26019.039292999998,,7397.0,50.67759283705314,33416.039292999994
2025-09-29 08:51:00,0.0462256666543738,,50.7,26019.365607,,7650.5,50.746225666654375,33669.865607
2025-09-29 08:51:05,0.10386851205024258,,50.6,26019.759227,,7903.5,50.70386851205024,33923.259227
2025-09-29 08:51:10,0.06983841333606676,,50.7,26020.150912,,8157.0,50.76983841333607,34177.150912
2025-09-29 08:51:15,0.07851076115914296,,50.6,26020.537994000002,,8410.0,50.678510761159146,34430.537994
2025-09-29 08:51:20,0.05215097059170464,,50.6,26020.937934999998,,8663.0,50.652150970591705,34683.937934999994
2025-09-29 08:51:25,0.13887942982206017,,50.5,26021.582162000002,,8915.5,50.63887942982206,34937.082162000006
2025-09-29 08:51:30,0.0937973888657909,,50.5,26022.325692,,9168.0,50.59379738886579,35190.325692
2025-09-29 08:51:35,0.13285890346365192,,50.6,26023.297227000003,,9421.0,50.73285890346365,35444.297227
2025-09-29 08:51:40,0.18596620345316633,,50.6,26024.045908,,9674.0,50.78596620345317,35698.045908
2025-09-29 08:51:45,0.10716242149455396,,50.7,26024.666094,,9927.5,50.80716242149456,35952.166094
2025-09-29 08:51:50,0.04932642851381866,,50.6,26025.204355,,10180.5,50.64932642851382,36205.704355
2025-09-29 08:51:55,0.11450201733032626,,50.6,26025.776117999998,,10433.5,50.714502017330325,36459.276117999994
2025-09-29 08:52:00,0.13467646341360034,,50.6,26026.667983,,10686.5,50.7346764634136,36713.167983
2025-09-29 08:52:05,0.14074705291655867,,50.6,26027.143451,,10939.5,50.74074705291656,36966.643450999996
2025-09-29 08:52:10,0.36721794425318754,,50.6,26027.956996999998,,11192.5,50.967217944253186,37220.456997
2025-09-29 08:52:15,0.0,,50.6,26028.268566,,11445.5,50.6,37473.768566
2025-09-29 08:52:20,0.11749437391456324,,50.6,26028.773091000003,,11698.5,50.71749437391456,37727.273091
2025-09-29 08:52:25,0.14001087058662642,,50.7,26029.395302,,11952.0,50.84001087058663,37981.395302000004
2025-09-29 08:52:30,0.07862043415552876,,50.6,26029.791244,,12205.0,50.67862043415553,38234.791244
2025-09-29 08:52:35,0.04662560559675574,,50.6,26030.302323,,12458.0,50.64662560559676,38488.302322999996
2025-09-29 08:52:40,0.09052650834691804,,50.6,26030.920258,,12711.0,50.69052650834692,38741.920258
2025-09-29 08:52:45,0.05703202021833205,,50.5,26031.350825,,12963.5,50.55703202021833,38994.850825
2025-09-29 08:52:50,0.07224853880485625,,50.6,26031.863921,,13216.5,50.67224853880486,39248.363921
2025-09-29 08:52:55,0.0661469203401884,,50.6,26032.364219,,13469.5,50.66614692034019,39501.864218999996
2025-09-29 08:53:00,0.0748162051367625,,50.6,26032.901466,,13722.5,50.674816205136764,39755.401465999996
2025-09-29 08:53:05,0.12663313746804702,,50.6,26033.524068000002,,13975.5,50.72663313746805,40009.024068
2025-09-29 08:53:10,0.10488886689469593,,50.6,26034.183562000002,,14228.5,50.7048888668947,40262.683562000006
2025-09-29 08:53:15,0.05706841071638974,,50.6,26034.532231,,14481.5,50.65706841071639,40516.032231000005
2025-09-29 08:53:20,0.12278921461227389,,50.6,26035.034403999998,,14734.5,50.72278921461228,40769.534404
2025-09-29 08:53:25,0.10949474127083986,,50.6,26035.415667,,14987.5,50.70949474127084,41022.915667
2025-09-29 08:53:30,0.07120995740044501,,50.7,26035.833096,,15241.0,50.77120995740045,41276.833096
2025-09-29 08:53:35,0.14811135601708977,,50.6,26036.763871,,15494.0,50.74811135601709,41530.763871
2025-09-29 08:53:40,0.06452319435352566,,50.6,26037.414954,,15747.0,50.66452319435353,41784.414954
2025-09-29 08:53:45,0.11730568988111431,,50.6,26037.848189,,16000.0,50.717305689881115,42037.848189
2025-09-29 08:53:50,0.08883510628156739,,50.6,26038.463278000003,,16253.0,50.688835106281566,42291.463278
2025-09-29 08:53:55,0.12242501499635691,,50.6,26038.9588,,16506.0,50.72242501499636,42544.9588
2025-09-29 08:54:00,0.09455996729862924,,50.6,26039.360019,,16759.0,50.69455996729863,42798.360019
2025-09-29 08:54:05,0.06691395367448935,,50.7,26039.693192,,17012.5,50.76691395367449,43052.193192
2025-09-29 08:54:10,0.08588959197507072,,50.7,26040.110075,,17266.0,50.78588959197507,43306.110075000004
2025-09-29 08:54:15,0.12856924965248684,,50.6,26040.528655000002,,17519.0,50.72856924965249,43559.528655
2025-09-29 08:54:20,0.09572401198096384,,50.6,26041.027972,,17772.0,50.695724011980964,43813.027971999996
2025-09-29 08:54:25,0.0,,50.6,26041.391492000002,,18025.0,50.6,44066.391492
2025-09-29 08:54:30,0.06425326942326412,,50.6,26041.747803,,18278.0,50.66425326942326,44319.747803
2025-09-29 08:54:35,0.03907300299700618,,50.6,26042.078686,,18531.0,50.63907300299701,44573.078686
2025-09-29 08:54:40,0.08253776264389123,,50.5,26042.47666,,18783.5,50.58253776264389,44825.97666
2025-09-29 08:54:45,0.039724283391998495,,50.7,26043.32343,,19037.0,50.739724283392,45080.323430000004
2025-09-29 08:54:50,0.05066512782611116,,50.6,26044.371787999997,,19290.0,50.650665127826116,45334.371788
2025-09-29 08:54:55,0.06746000560529107,,50.6,26044.767454999997,,19543.0,50.66746000560529,45587.767454999994
2025-09-29 08:55:00,0.04123637635878536,,50.6,26045.083233999998,,19796.0,50.64123637635878,45841.083234
2025-09-29 08:55:05,0.09668213153238667,,50.6,26045.446861,,20049.0,50.69668213153239,46094.446861000004
2025-09-29 08:55:10,0.04627257786121758,,50.6,26045.746499,,20302.0,50.64627257786122,46347.746499
2025-09-29 08:55:15,0.054773109132543046,,50.6,26046.092357,,20555.0,50.65477310913254,46601.092357
2025-09-29 08:55:20,0.23966145271457256,,50.6,26047.140070999998,,20808.0,50.83966145271457,46855.140071
2025-09-29 08:55:25,0.38598755070188034,,50.6,26048.612268,,21061.0,50.98598755070188,47109.612268
2025-09-29 08:55:30,0.07124082044894586,,50.6,26049.139285999998,,21314.0,50.67124082044895,47363.139286
2025-09-29 08:55:35,0.08533063894898929,,50.7,26049.535831999998,,21567.5,50.78533063894899,47617.035831999994
2025-09-29 08:55:40,0.10430294829772235,,50.6,26050.079752999998,,21820.5,50.70430294829772,47870.579753
2025-09-29 08:55:45,0.17762095805323438,,50.6,26050.566735,,22073.5,50.777620958053234,48124.066735
2025-09-29 08:55:50,0.29662057142172166,,50.6,26051.66707,,22326.5,50.89662057142172,48378.167069999996
2025-09-29 08:55:55,0.07750258975900803,,50.6,26052.741287,,22579.5,50.67750258975901,48632.241287
2025-09-29 08:56:00,0.09580459332621419,,50.6,26053.234044,,22832.5,50.695804593326216,48885.734044
2025-09-29 08:56:05,0.11358744278068378,,50.6,26053.580989,,23085.5,50.713587442780685,49139.080988999995
2025-09-29 08:56:10,0.08655080158976701,,50.6,26053.974145,,23338.5,50.68655080158977,49392.474145
2025-09-29 08:56:15,0.05161985399180263,,50.5,26054.291641,,23591.0,50.5516198539918,49645.291641
2025-09-29 08:56:20,0.05119134251328368,,50.6,26054.69065,,23844.0,50.651191342513286,49898.690650000004
2025-09-29 08:56:25,0.048901595690814585,,50.6,26055.088902,,24097.0,50.648901595690816,50152.088902
2025-09-29 08:56:30,0.12454614469786612,,50.5,26055.496851,,24349.5,50.62454614469787,50404.996851
2025-09-29 08:56:35,0.08551885236611269,,50.6,26056.512125,,24602.5,50.685518852366116,50659.012125
2025-09-29 08:56:40,0.05282937296272313,,50.6,26056.958533,,24855.5,50.65282937296273,50912.458533
2025-09-29 08:56:45,0.052693582418236726,,50.6,26057.297813,,25108.5,50.65269358241824,51165.797813
2025-09-29 08:56:50,0.0541018470797803,,50.6,26057.734318,,25361.5,50.65410184707978,51419.234318
2025-09-29 08:56:55,0.06289776709960321,,50.5,26058.067487,,25614.0,50.56289776709961,51672.067487
2025-09-29 08:57:00,0.08357214611126224,,50.6,26058.397989,,25867.0,50.68357214611127,51925.397989000005
2025-09-29 08:57:05,0.05193210911657442,,50.6,26058.934895000002,,26120.0,50.65193210911658,52178.934895
2025-09-29 08:57:10,0.11322503343136556,,50.5,26059.395313999998,,26372.5,50.61322503343136,52431.895313999994
2025-09-29 08:57:15,0.053138914984621595,,50.6,26059.807947,,26625.5,50.65313891498462,52685.307947
2025-09-29 08:57:20,0.07315227064432783,,50.6,26060.273253,,26878.5,50.67315227064433,52938.773253
2025-09-29 08:57:25,0.051340117168356444,,50.6,26060.626826,,27131.5,50.65134011716836,53192.126826
2025-09-29 08:57:30,0.04958269314695073,,50.6,26061.138851000003,,27384.5,50.649582693146954,53445.638851
2025-09-29 08:57:35,0.13640030581961737,,50.6,26061.686608,,27637.5,50.73640030581962,53699.186608
2025-09-29 08:57:40,0.09197283059626375,,50.5,26062.051341,,27890.0,50.59197283059626,53952.051341
2025-09-29 08:57:45,0.11540416279277378,,50.6,26062.411404000002,,28143.0,50.71540416279277,54205.411404
2025-09-29 08:57:50,0.05695758507490552,,50.6,26062.762064,,28396.0,50.656957585074906,54458.762063999995
2025-09-29 08:57:55,0.05320174297742297,,50.6,26063.229808,,28649.0,50.65320174297742,54712.229808000004
2025-09-29 08:58:00,0.14184094917504964,,50.6,26063.623821999998,,28902.0,50.74184094917505,54965.623821999994
2025-09-29 08:58:05,0.09335266028814124,,50.7,26064.035555000002,,29155.5,50.79335266028814,55219.535555
2025-09-29 08:58:10,0.05460481658389707,,50.6,26064.326835,,29408.5,50.6546048165839,55472.826835
2025-09-29 08:58:15,0.10739269928235753,,50.6,26065.123003,,29661.5,50.70739269928236,55726.623003
2025-09-29 08:58:20,0.0639501236001714,,50.6,26065.536346999997,,29914.5,50.66395012360017,55980.036347
2025-09-29 08:58:25,0.0,,50.6,26065.881988,,30167.5,50.6,56233.381988
2025-09-29 08:58:30,0.08795847920913598,,50.6,26066.340903,,30420.5,50.687958479209136,56486.840903000004
2025-09-29 08:58:35,0.053355143279952374,,50.6,26066.757828,,30673.5,50.65335514327995,56740.257828
2025-09-29 08:58:40,0.056043847400332025,,50.6,26067.177563,,30926.5,50.65604384740033,56993.677563000005
2025-09-29 08:58:45,0.16689454059092498,,50.6,26067.573342,,31179.5,50.766894540590926,57247.073342
2025-09-29 08:58:50,0.15199960556783623,,50.6,26067.993999000002,,31432.5,50.75199960556784,57500.493999
2025-09-29 08:58:55,0.0,,50.6,26068.279338999997,,31685.5,50.6,57753.779339
2025-09-29 08:59:00,0.0437456137541378,,50.6,26068.689937000003,,31938.5,50.64374561375414,58007.189937
2025-09-29 08:59:05,0.05121339581461529,,50.5,26069.019259,,32191.0,50.551213395814614,58260.019259
2025-09-29 08:59:10,0.05231508328487749,,50.6,26069.341516999997,,32444.0,50.652315083284876,58513.34151699999
2025-09-29 08:59:15,0.059726960586757645,,50.6,26069.860088,,32697.0,50.65972696058676,58766.860088
2025-09-29 08:59:20,0.0,,50.6,26070.180970999998,,32950.0,50.6,59020.180970999994
2025-09-29 08:59:25,0.046145143653493204,,50.6,26070.564079000003,,33203.0,50.64614514365349,59273.564079
2025-09-29 08:59:30,0.04221956880253751,,50.6,26071.430473,,33456.0,50.64221956880254,59527.430473
2025-09-29 08:59:35,0.10962324684071924,,50.6,26071.82647,,33709.0,50.70962324684072,59780.82647
2025-09-29 08:59:40,0.13131318355054783,,50.6,26072.250737000002,,33962.0,50.73131318355055,60034.250737
2025-09-29 08:59:45,0.05426231147602921,,50.6,26072.582641999998,,34215.0,50.65426231147603,60287.582641999994
2025-09-29 08:59:50,0.04821578770576772,,50.6,26072.943165,,34468.0,50.648215787705766,60540.943165000004
2025-09-29 08:59:55,0.050877643369141,,50.6,26073.256959000002,,34721.0,50.65087764336914,60794.256959000006
2025-09-29 09:00:00,0.05649265584303245,,50.6,26073.618242,,34974.0,50.65649265584303,61047.618242
2025-09-29 09:00:05,0.08874448913855848,,50.6,26073.998208,,35227.0,50.68874448913856,61300.998208000005
2025-09-29 09:00:10,0.05588168661251431,,50.6,26074.33623,,35480.0,50.65588168661252,61554.33623
2025-09-29 09:00:15,0.05057540052672366,,50.6,26074.820725999998,,35733.0,50.650575400526726,61807.820726
2025-09-29 09:00:20,0.10436698869431094,,50.5,26075.18625,,35985.5,50.60436698869431,62060.68625
2025-09-29 09:00:25,0.06332388005521164,,50.6,26075.498282,,36238.5,50.663323880055216,62313.998282
2025-09-29 09:00:30,0.0,,50.5,26075.894758,,36491.0,50.5,62566.894757999995
2025-09-29 09:00:35,0.05282001490040501,,50.5,26076.237927000002,,36743.5,50.552820014900405,62819.737927
2025-09-29 09:00:40,0.10382128301209294,,50.6,26076.786108,,36996.5,50.7038212830121,63073.286108
2025-09-29 09:00:45,0.049375920041468305,,50.6,26077.054646,,37249.5,50.64937592004147,63326.554646000004
2025-09-29 09:00:50,0.13202588378409405,,50.5,26077.423646,,37502.0,50.632025883784095,63579.423645999996
2025-09-29 09:00:55,0.07105533213652593,,50.6,26077.778746,,37755.0,50.671055332136525,63832.778745999996
2025-09-29 09:01:00,0.03835975588773541,,50.6,26078.087338999998,,38008.0,50.638359755887734,64086.087339
2025-09-29 09:01:05,0.09678965418977295,,50.6,26078.40841,,38261.0,50.69678965418977,64339.408410000004
2025-09-29 09:01:10,0.15699438725858111,,50.6,26078.869624,,38514.0,50.75699438725858,64592.869624
2025-09-29 09:01:15,0.05680743443625293,,50.6,26079.180967,,38767.0,50.65680743443625,64846.180967
2025-09-29 09:01:20,0.0830054466216453,,50.7,26079.495398000003,,39020.5,50.78300544662165,65099.995398
2025-09-29 09:01:25,0.05179324045480486,,50.6,26079.845217000002,,39273.5,50.65179324045481,65353.345217
2025-09-29 09:01:30,0.04565527982629167,,50.5,26080.249304,,39526.0,50.54565527982629,65606.249304
2025-09-29 09:01:35,0.04809901757788369,,50.6,26080.618843,,39779.0,50.648099017577884,65859.618843
2025-09-29 09:01:40,0.06296708792186362,,50.7,26081.091196,,40032.5,50.762967087921865,66113.591196
2025-09-29 09:01:45,0.07490584945886798,,50.6,26081.401914000002,,40285.5,50.67490584945887,66366.901914
2025-09-29 09:01:50,0.048289426759076035,,50.6,26081.669127,,40538.5,50.64828942675908,66620.169127
2025-09-29 09:01:55,0.13787302530236217,,50.6,26082.220946999998,,40791.5,50.73787302530236,66873.720947
2025-09-29 09:02:00,0.08775673071033276,,50.6,26082.565058,,41044.5,50.68775673071033,67127.06505800001
2025-09-29 09:02:05,0.06487943517147898,,50.6,26083.229926,,41297.5,50.66487943517148,67380.729926
2025-09-29 09:02:10,0.09122773606885413,,50.6,26083.57118,,41550.5,50.69122773606885,67634.07118
2025-09-29 09:02:15,0.04207365598207363,,50.7,26083.861697,,41804.0,50.742073655982075,67887.861697
2025-09-29 09:02:20,0.061373201582639536,,50.6,26084.154105999998,,42057.0,50.66137320158264,68141.154106
2025-09-29 09:02:25,0.06777954707401779,,50.6,26084.477454,,42310.0,50.66777954707402,68394.477454
2025-09-29 09:02:30,0.07401662070902655,,50.6,26084.803619,,42563.0,50.674016620709025,68647.803619
2025-09-29 09:02:35,0.046858847604507085,,50.6,26085.097829,,42816.0,50.646858847604506,68901.097829
2025-09-29 09:02:40,0.04588647885307524,,50.6,26085.475413999997,,43069.0,50.64588647885308,69154.475414
2025-09-29 09:02:45,0.09315911154790049,,50.6,26085.788112,,43322.0,50.6931591115479,69407.788112
2025-09-29 09:02:50,0.0,,50.6,26086.059502,,43575.0,50.6,69661.059502
2025-09-29 09:02:55,0.0688505184484807,,50.6,26086.329118,,43828.0,50.66885051844848,69914.329118
2025-09-29 09:03:00,0.037194063030073145,,50.6,26086.593577,,44081.0,50.63719406303007,70167.59357699999
2025-09-29 09:03:05,0.04594544563912436,,50.6,26086.927963000002,,44334.0,50.64594544563913,70420.927963
2025-09-29 09:03:10,0.11399654074515185,,50.6,26087.258646000002,,44587.0,50.71399654074515,70674.258646
2025-09-29 09:03:15,0.0,,50.6,26087.598525,,44840.0,50.6,70927.59852500001
2025-09-29 09:03:20,0.10090001475441324,,50.6,26088.004634,,45093.0,50.70090001475442,71181.004634
2025-09-29 09:03:25,0.09488582118062616,,50.6,26088.388602,,45346.0,50.69488582118063,71434.38860199999
2025-09-29 09:03:30,0.042134516606992675,,50.6,26088.796458,,45599.0,50.642134516606994,71687.796458
2025-09-29 09:03:35,0.11874768672758859,,50.6,26089.14722,,45852.0,50.71874768672759,71941.14722
2025-09-29 09:03:40,0.0,,50.6,26089.434435,,46105.0,50.6,72194.434435
2025-09-29 09:03:45,0.09470479817388983,,50.5,26089.735005,,46357.5,50.59470479817389,72447.235005
2025-09-29 09:03:50,0.04433669700646269,,50.5,26090.069946,,46610.0,50.544336697006464,72700.069946
2025-09-29 09:03:55,0.09693468832751473,,50.6,26090.399924,,46863.0,50.69693468832752,72953.399924
2025-09-29 09:04:00,0.0,,50.6,26090.809166,,47116.0,50.6,73206.80916599999
2025-09-29 09:04:05,0.0,,50.6,26091.110954000003,,47369.0,50.6,73460.110954
2025-09-29 09:04:10,0.04590834529345083,,50.6,26091.41513,,47622.0,50.64590834529345,73713.41513000001
2025-09-29 09:04:15,0.04428419255095422,,50.6,26091.759610999998,,47875.0,50.644284192550955,73966.759611
2025-09-29 09:04:20,0.10092344022845799,,50.7,26092.153332,,48128.5,50.80092344022846,74220.653332
2025-09-29 09:04:25,0.056024707959334244,,50.6,26092.443142,,48381.5,50.65602470795933,74473.943142
2025-09-29 09:04:30,0.0,,50.6,26092.951385,,48634.5,50.6,74727.451385
2025-09-29 09:04:35,0.0972592329822575,,50.6,26093.31688,,48887.5,50.69725923298226,74980.81688
2025-09-29 09:04:40,0.09735556667441218,,50.6,26093.664362,,49140.5,50.69735556667441,75234.164362
2025-09-29 09:04:45,0.04552368922308417,,50.6,26094.106200000002,,49393.5,50.64552368922308,75487.60620000001
2025-09-29 09:04:50,0.06616780820221256,,50.6,26094.40838,,49646.5,50.66616780820221,75740.90838000001
2025-09-29 09:04:55,0.0,,50.6,26094.7547,,49899.5,50.6,75994.2547
2025-09-29 09:05:00,0.09001321354320951,,50.6,26095.117303,,50152.5,50.69001321354321,76247.617303
2025-09-29 09:05:05,0.19919775885143448,,50.7,26095.601615,,50406.0,50.899197758851436,76501.60161499999
2025-09-29 09:05:10,0.04895331231844613,,50.7,26095.969905,,50659.5,50.74895331231845,76755.469905
2025-09-29 09:05:15,0.05806827853518669,,50.6,26096.283938,,50912.5,50.65806827853519,77008.78393800001
2025-09-29 09:05:20,0.0,,50.7,26096.60116,,51166.0,50.7,77262.60115999999
2025-09-29 09:05:25,0.09555320208951969,,50.6,26096.960093,,51419.0,50.69555320208952,77515.960093
2025-09-29 09:05:30,0.04537691491825703,,50.6,26097.429098,,51672.0,50.64537691491826,77769.429098
2025-09-29 09:05:35,0.10805641606633475,,50.6,26097.821536,,51925.0,50.708056416066334,78022.821536
2025-09-29 09:05:40,0.06271726652638558,,50.6,26098.137353000002,,52178.0,50.662717266526386,78276.137353
2025-09-29 09:05:45,0.0,,50.6,26098.460268000003,,52431.0,50.6,78529.460268
2025-09-29 09:05:50,0.050102411451595455,,50.6,26098.786916,,52684.0,50.6501024114516,78782.786916
2025-09-29 09:05:55,0.05140667537014656,,50.6,26099.158294,,52937.0,50.65140667537015,79036.158294
2025-09-29 09:06:00,0.09636587456120305,,50.8,26099.465104000003,,53191.0,50.8963658745612,79290.465104
2025-09-29 09:06:05,0.1289513454769174,,50.6,26099.841566,,53444.0,50.72895134547692,79543.841566
2025-09-29 09:06:10,0.07802113739327701,,50.6,26100.275387,,53697.0,50.67802113739328,79797.275387
2025-09-29 09:06:15,0.04775362419255354,,50.6,26100.523903,,53950.0,50.64775362419255,80050.523903
2025-09-29 09:06:20,0.04821487793831158,,50.7,26100.865873,,54203.5,50.74821487793832,80304.365873
2025-09-29 09:06:25,0.10190580023137215,,50.6,26101.265771000002,,54456.5,50.70190580023137,80557.765771
2025-09-29 09:06:30,0.06669918303749559,,50.7,26101.564498,,54710.0,50.766699183037495,80811.56449799999
2025-09-29 09:06:35,0.09624926251800864,,50.6,26101.878708,,54963.0,50.69624926251801,81064.878708
2025-09-29 09:06:40,0.17672833374573138,,49.7,26102.378939,,55211.5,49.87672833374573,81313.878939
2025-09-29 09:06:45,0.08443171825681356,,49.6,26102.769217,,55459.5,49.68443171825682,81562.269217
2025-09-29 09:06:50,0.06682758280570701,,49.8,26103.1628,,55708.5,49.866827582805705,81811.66279999999
2025-09-29 09:06:55,0.06562048897588735,,49.7,26103.509067,,55957.0,49.76562048897589,82060.509067
2025-09-29 09:07:00,0.09032257138920774,,50.6,26103.932384,,56210.0,50.69032257138921,82313.932384
2025-09-29 09:07:05,0.11009941945631332,,50.6,26104.337457,,56463.0,50.71009941945631,82567.337457
2025-09-29 09:07:10,0.12220736759932259,,50.6,26104.774479,,56716.0,50.722207367599324,82820.774479
2025-09-29 09:07:15,0.14485682903936406,,50.7,26105.310325,,56969.5,50.844856829039365,83074.810325
2025-09-29 09:07:20,0.0,,50.9,26105.79266,,57224.0,50.9,83329.79266
2025-09-29 09:07:25,0.05022188522425984,,50.6,26107.118461,,57477.0,50.65022188522426,83584.118461
2025-09-29 09:07:30,0.04866989929129,,50.6,26107.508278,,57730.0,50.64866989929129,83837.508278
2025-09-29 09:07:35,0.10777888330109023,,50.6,26107.887719000002,,57983.0,50.70777888330109,84090.887719
2025-09-29 09:07:40,0.05873728701612155,,50.8,26108.180605,,58237.0,50.85873728701612,84345.180605
2025-09-29 09:07:45,0.044311393276536465,,50.7,26108.499841999997,,58490.5,50.74431139327654,84598.99984199999
2025-09-29 09:07:50,0.08810806451504227,,50.6,26109.12894,,58743.5,50.68810806451504,84852.62894
2025-09-29 09:07:55,0.08712592719148698,,50.6,26109.999488999998,,58996.5,50.68712592719149,85106.499489
2025-09-29 09:08:00,0.08992102820769626,,50.6,26110.340377999997,,59249.5,50.6899210282077,85359.840378
2025-09-29 09:08:05,0.0,,50.7,26110.643665,,59503.0,50.7,85613.643665
2025-09-29 09:08:10,0.05175222903716306,,50.6,26110.969266,,59756.0,50.651752229037164,85866.969266
2025-09-29 09:08:15,0.10678369186837317,,50.6,26111.359123,,60009.0,50.706783691868374,86120.359123
2025-09-29 09:08:20,0.057367842662223646,,50.6,26111.698969,,60262.0,50.657367842662225,86373.698969
2025-09-29 09:08:25,0.0,,50.8,26112.054068,,60516.0,50.8,86628.054068
2025-09-29 09:08:30,0.08444307652310777,,50.6,26112.463592,,60769.0,50.68444307652311,86881.463592
2025-09-29 09:08:35,0.11716879155894716,,50.6,26112.845646,,61022.0,50.71716879155895,87134.845646
2025-09-29 09:08:40,0.228624879884628,,50.6,26113.390475999997,,61275.0,50.82862487988463,87388.390476
2025-09-29 09:08:45,0.05196500463098536,,50.8,26113.784333,,61529.0,50.85196500463098,87642.784333
2025-09-29 09:08:50,0.06854598727510633,,50.6,26114.176753000003,,61782.0,50.66854598727511,87896.176753
2025-09-29 09:08:55,0.14890062469054485,,50.6,26114.546969,,62035.0,50.74890062469055,88149.546969
2025-09-29 09:09:00,0.0860126242788163,,50.6,26114.848654,,62288.0,50.68601262427882,88402.848654
2025-09-29 09:09:05,0.0965128940571129,,50.6,26115.226545,,62541.0,50.696512894057115,88656.226545
2025-09-29 09:09:10,0.049839536597876564,,50.7,26115.529468,,62794.5,50.74983953659788,88910.029468
2025-09-29 09:09:15,0.05573802309115757,,50.6,26115.833007999998,,63047.5,50.65573802309116,89163.333008
2025-09-29 09:09:20,0.1707613465186491,,50.6,26116.200973000003,,63300.5,50.770761346518654,89416.700973
2025-09-29 09:09:25,0.04507842795041625,,50.8,26116.555791,,63554.5,50.84507842795041,89671.05579099999
2025-09-29 09:09:30,0.08969151616012039,,50.6,26116.903999,,63807.5,50.689691516160124,89924.403999
2025-09-29 09:09:35,0.10694885866838767,,50.7,26117.278314,,64061.0,50.80694885866839,90178.278314
2025-09-29 09:09:40,0.3779823315052171,,50.6,26118.220112,,64314.0,50.97798233150522,90432.220112
2025-09-29 09:09:45,0.2284349794964152,,50.6,26119.544667000002,,64567.0,50.828434979496414,90686.54466700001
2025-09-29 09:09:50,0.11154857502258474,,50.8,26121.259338,,64821.0,50.91154857502258,90942.259338
2025-09-29 09:09:55,0.3745899988648758,,50.6,26123.203738,,65074.0,50.97458999886488,91197.203738
2025-09-29 09:10:00,0.047602802128011865,,50.6,26123.566482000002,,65327.0,50.64760280212801,91450.566482
2025-09-29 09:10:05,0.11874084676145649,,50.5,26124.088204,,65579.5,50.618740846761455,91703.588204
2025-09-29 09:10:10,0.07364376892988528,,50.8,26124.393757,,65833.5,50.87364376892988,91957.893757
2025-09-29 09:10:15,0.04426258390451896,,50.6,26124.638167999998,,66086.5,50.64426258390452,92211.138168
2025-09-29 09:10:20,0.050622400890788136,,50.6,26124.995362999998,,66339.5,50.65062240089079,92464.495363
2025-09-29 09:10:25,0.04763670235592413,,50.6,26125.291203999997,,66592.5,50.647636702355925,92717.791204
2025-09-29 09:10:30,0.12028717165783913,,50.8,26125.641121,,66846.5,50.92028717165783,92972.141121
2025-09-29 09:10:35,0.0,,50.6,26126.037183999997,,67099.5,50.6,93225.537184
2025-09-29 09:10:40,0.11208096329363831,,50.6,26126.388463,,67352.5,50.71208096329364,93478.888463
2025-09-29 09:10:45,0.13274762454124744,,50.5,26126.817213,,67605.0,50.632747624541246,93731.817213
2025-09-29 09:10:50,0.05873228682809833,,50.8,26127.208771,,67859.0,50.85873228682809,93986.208771
2025-09-29 09:10:55,0.11921539323552698,,50.6,26127.565842,,68112.0,50.71921539323553,94239.565842
2025-09-29 09:11:00,0.08665486064863008,,50.7,26127.874159,,68365.5,50.78665486064863,94493.374159
2025-09-29 09:11:05,0.05017568627515882,,50.8,26128.198039,,68619.5,50.85017568627516,94747.698039
2025-09-29 09:11:10,0.04876040918418187,,50.7,26128.563218,,68873.0,50.748760409184186,95001.563218
2025-09-29 09:11:15,0.09424787942400746,,50.6,26128.866475,,69126.0,50.69424787942401,95254.866475
2025-09-29 09:11:20,0.0,,50.6,26129.186857,,69379.0,50.6,95508.186857
2025-09-29 09:11:25,0.08210381219557156,,50.8,26129.627095999997,,69633.0,50.88210381219557,95762.627096
2025-09-29 09:11:30,0.04231651223514927,,50.7,26129.950907,,69886.5,50.74231651223515,96016.45090699999
2025-09-29 09:11:35,0.09295990243382103,,50.6,26130.338386,,70139.5,50.69295990243382,96269.838386
2025-09-29 09:11:40,0.05193083083553795,,50.6,26130.651929,,70392.5,50.65193083083554,96523.151929
2025-09-29 09:11:45,0.060505168276690856,,50.6,26130.960772,,70645.5,50.66050516827669,96776.46077199999
2025-09-29 09:11:50,0.08741174757810803,,50.8,26131.327374999997,,70899.5,50.887411747578106,97030.827375
2025-09-29 09:11:55,0.07421908205145696,,50.6,26131.641784,,71152.5,50.67421908205146,97284.141784
2025-09-29 09:12:00,0.1268032704449394,,50.6,26132.040806,,71405.5,50.72680327044494,97537.540806
2025-09-29 09:12:05,0.04818474040656599,,50.6,26132.411201000003,,71658.5,50.64818474040657,97790.91120100001
2025-09-29 09:12:10,0.0,,50.8,26132.728238,,71912.5,50.8,98045.228238
2025-09-29 09:12:15,0.07512177772756128,,50.7,26133.086221999998,,72166.0,50.77512177772756,98299.086222
2025-09-29 09:12:20,0.1454247823334956,,50.6,26133.45026,,72419.0,50.745424782333494,98552.45026
2025-09-29 09:12:25,0.04995335584659751,,50.6,26133.820899000002,,72672.0,50.6499533558466,98805.820899
2025-09-29 09:12:30,0.055430683649412955,,50.8,26134.123482,,72926.0,50.85543068364941,99060.123482
2025-09-29 09:12:35,0.07584279042751647,,50.7,26134.459278000002,,73179.5,50.77584279042752,99313.959278
2025-09-29 09:12:40,0.09869191282237662,,50.6,26134.789394,,73432.5,50.698691912822376,99567.28939399999
2025-09-29 09:12:45,0.10357844734826387,,50.6,26135.179902,,73685.5,50.703578447348264,99820.679902
2025-09-29 09:12:50,0.1028195193059445,,50.8,26135.565029,,73939.5,50.90281951930594,100075.065029
2025-09-29 09:12:55,0.06042550185201605,,50.8,26135.878912,,74193.5,50.86042550185201,100329.378912
2025-09-29 09:13:00,0.08317603738925998,,50.6,26136.305195,,74446.5,50.68317603738926,100582.805195
2025-09-29 09:13:05,0.0488695157926035,,50.6,26136.623719,,74699.5,50.648869515792605,100836.123719
2025-09-29 09:13:10,0.04907616360965775,,50.8,26137.005996,,74953.5,50.84907616360965,101090.50599599999
2025-09-29 09:13:15,0.04415364777196838,,50.6,26137.376757,,75206.5,50.64415364777197,101343.876757
2025-09-29 09:13:20,0.06271886209741487,,50.6,26137.674507,,75459.5,50.662718862097414,101597.174507
2025-09-29 09:13:25,0.07179269389454364,,50.7,26138.016537,,75713.0,50.77179269389455,101851.016537
2025-09-29 09:13:30,0.08397662708330851,,50.9,26138.367326,,75967.5,50.98397662708331,102105.867326
2025-09-29 09:13:35,0.038838428405871914,,50.7,26138.607556,,76221.0,50.73883842840588,102359.607556
2025-09-29 09:13:40,0.04917807735902071,,50.6,26138.993902,,76474.0,50.649178077359025,102612.993902
2025-09-29 09:13:45,0.057835087432126994,,50.6,26139.321303,,76727.0,50.657835087432126,102866.321303
2025-09-29 09:13:50,0.0898707184233128,,50.8,26139.623422,,76981.0,50.88987071842331,103120.623422
2025-09-29 09:13:55,0.07084358459237096,,50.6,26139.911343,,77234.0,50.670843584592376,103373.911343
2025-09-29 09:14:00,0.03958546272723116,,50.8,26140.299687000002,,77488.0,50.83958546272723,103628.299687
2025-09-29 09:14:05,0.05055328717814325,,50.9,26140.606542,,77742.5,50.95055328717814,103883.106542
2025-09-29 09:14:10,0.06748421120129959,,50.6,26140.917074,,77995.5,50.6674842112013,104136.417074
2025-09-29 09:14:15,0.09355784762809283,,50.7,26141.232019,,78249.0,50.793557847628094,104390.232019
2025-09-29 09:14:20,0.0,,50.8,26141.489307,,78503.0,50.8,104644.489307
2025-09-29 09:14:25,0.14484196256699666,,50.5,26141.944684000002,,78755.5,50.644841962567,104897.444684
2025-09-29 09:14:30,0.06513653481096503,,50.7,26142.304971,,79009.0,50.76513653481097,105151.304971
2025-09-29 09:14:35,0.0,,50.8,26142.628115,,79263.0,50.8,105405.628115
2025-09-29 09:14:40,0.09629077084339693,,50.6,26142.945119,,79516.0,50.6962907708434,105658.945119
2025-09-29 09:14:45,0.048355835285988726,,50.7,26143.203455,,79769.5,50.74835583528599,105912.703455
2025-09-29 09:14:50,0.05870627851233776,,50.9,26143.689878999998,,80024.0,50.95870627851234,106167.689879
2025-09-29 09:14:55,0.1363762996507843,,50.7,26144.05947,,80277.5,50.83637629965079,106421.55947000001
2025-09-29 09:15:00,0.08919301923357278,,50.7,26144.336468,,80531.0,50.78919301923357,106675.336468
2025-09-29 09:15:05,0.0544304738881568,,50.8,26144.637192000002,,80785.0,50.85443047388815,106929.637192
2025-09-29 09:15:10,0.11248924003763339,,50.8,26145.09904,,81039.0,50.91248924003763,107184.09904
2025-09-29 09:15:15,0.10499172081953946,,50.5,26145.438152,,81291.5,50.60499172081954,107436.938152
2025-09-29 09:15:20,0.14514794914598217,,50.6,26145.849899999997,,81544.5,50.74514794914598,107690.3499
2025-09-29 09:15:25,0.0,,50.8,26146.195782,,81798.5,50.8,107944.695782
2025-09-29 09:15:30,0.14842328213500003,,50.8,26146.588435,,82052.5,50.948423282134996,108199.088435
2025-09-29 09:15:35,0.0,,50.7,26147.001149,,82306.0,50.7,108453.001149
2025-09-29 09:15:40,0.05157757180885683,,50.6,26147.349494000002,,82559.0,50.65157757180886,108706.349494
2025-09-29 09:15:45,0.04908753871722095,,50.7,26147.744905,,82812.5,50.74908753871723,108960.244905
2025-09-29 09:15:50,0.05687202267528239,,50.8,26148.141328,,83066.5,50.85687202267528,109214.641328
2025-09-29 09:15:55,0.06322568082340622,,50.7,26148.517619,,83320.0,50.76322568082341,109468.51761899999
2025-09-29 09:16:00,0.09470193265448766,,50.6,26148.904063,,83573.0,50.69470193265449,109721.904063
2025-09-29 09:16:05,0.054188448439842406,,50.6,26149.407454,,83826.0,50.65418844843985,109975.407454
2025-09-29 09:16:10,0.050477164660791794,,50.8,26149.834796000003,,84080.0,50.85047716466079,110229.83479600001
2025-09-29 09:16:15,0.149796254300364,,50.6,26150.305291,,84333.0,50.749796254300364,110483.305291
2025-09-29 09:16:20,0.0,,50.6,26150.618314,,84586.0,50.6,110736.61831399999
2025-09-29 09:16:25,0.041445710688770364,,50.9,26151.163313,,84840.5,50.94144571068877,110991.663313
2025-09-29 09:16:30,0.0788418847462454,,50.8,26151.594306,,85094.5,50.878841884746244,111246.094306
2025-09-29 09:16:35,0.0472878033086444,,50.6,26151.872691,,85347.5,50.64728780330864,111499.372691
2025-09-29 09:16:40,0.06350628187649353,,50.6,26153.142260999997,,85600.5,50.663506281876494,111753.642261
2025-09-29 09:16:45,0.09235716468179535,,50.7,26153.436338,,85854.0,50.792357164681796,112007.436338
2025-09-29 09:16:50,0.09046736730542433,,50.8,26153.803452,,86108.0,50.89046736730542,112261.803452
2025-09-29 09:16:55,0.04627641290251133,,50.7,26154.186977,,86361.5,50.74627641290252,112515.686977
2025-09-29 09:17:00,0.10026433114928658,,50.6,26154.554072,,86614.5,50.700264331149285,112769.054072
2025-09-29 09:17:05,0.07081220479460221,,50.7,26154.809088,,86868.0,50.7708122047946,113022.80908800001
2025-09-29 09:17:10,0.08089035459378367,,50.8,26155.112924999998,,87122.0,50.88089035459378,113277.112925
2025-09-29 09:17:15,0.09728444157807178,,50.6,26155.477602,,87375.0,50.69728444157807,113530.477602
2025-09-29 09:17:20,0.11894193542237234,,50.6,26155.863233,,87628.0,50.71894193542237,113783.863233
2025-09-29 09:17:25,0.1479170453615244,,50.8,26156.190301,,87882.0,50.94791704536152,114038.190301
2025-09-29 09:17:30,0.047402592513856874,,50.8,26156.624936,,88136.0,50.84740259251385,114292.62493600001
2025-09-29 09:17:35,0.05265070017655442,,50.6,26157.01897,,88389.0,50.65265070017656,114546.01897
2025-09-29 09:17:40,0.0530507247013724,,50.6,26157.417236,,88642.0,50.65305072470137,114799.41723600001
2025-09-29 09:17:45,0.05974598616893597,,50.8,26157.763957,,88896.0,50.85974598616893,115053.763957
2025-09-29 09:17:50,0.08162516773403734,,50.8,26158.117675999998,,89150.0,50.881625167734036,115308.117676
2025-09-29 09:17:55,0.09608525096855712,,50.6,26158.525454,,89403.0,50.69608525096856,115561.525454
2025-09-29 09:18:00,0.10189194731813732,,50.5,26158.998971999998,,89655.5,50.60189194731814,115814.498972
2025-09-29 09:18:05,0.11495229822986684,,50.8,26159.371987,,89909.5,50.91495229822986,116068.87198699999
2025-09-29 09:18:10,0.12358623854706167,,50.7,26160.081027,,90163.0,50.823586238547065,116323.08102700001
2025-09-29 09:18:15,0.14465975012875312,,50.5,26160.503371,,90415.5,50.64465975012875,116576.003371
2025-09-29 09:18:20,0.0,,50.7,26160.866668,,90669.0,50.7,116829.866668
2025-09-29 09:18:25,0.05704050153882386,,50.8,26161.167668000002,,90923.0,50.85704050153882,117084.16766800001
2025-09-29 09:18:30,0.05180892242137509,,50.7,26161.769695,,91176.5,50.751808922421375,117338.269695
2025-09-29 09:18:35,0.13461569980950694,,50.7,26162.216953000003,,91430.0,50.83461569980951,117592.216953
2025-09-29 09:18:40,0.10919075041174955,,50.5,26162.570087,,91682.5,50.60919075041175,117845.070087
2025-09-29 09:18:45,0.11811157822326437,,50.8,26163.060566,,91936.5,50.91811157822326,118099.560566
2025-09-29 09:18:50,0.056671325823314085,,50.7,26163.475742,,92190.0,50.75667132582332,118353.475742
2025-09-29 09:18:55,0.07020055262915928,,50.6,26163.890790999998,,92443.0,50.67020055262916,118606.890791
2025-09-29 09:19:00,0.09013728500089448,,50.9,26164.279847,,92697.5,50.99013728500089,118861.779847
2025-09-29 09:19:05,0.10527576136150127,,50.6,26164.700204,,92950.5,50.705275761361506,119115.200204
2025-09-29 09:19:10,0.053238872822508,,50.5,26165.079298999997,,93203.0,50.55323887282251,119368.079299
2025-09-29 09:19:15,0.10501447349189831,,50.8,26165.459374000002,,93457.0,50.905014473491896,119622.459374
2025-09-29 09:19:20,0.06645228639657981,,50.6,26165.791629,,93710.0,50.666452286396584,119875.791629
2025-09-29 09:19:25,0.0,,50.6,26166.09625,,93963.0,50.6,120129.09625
2025-09-29 09:19:30,0.04391117288118468,,50.8,26166.52559,,94217.0,50.843911172881185,120383.52559
2025-09-29 09:19:35,0.04618940970702557,,50.6,26166.896618,,94470.0,50.64618940970703,120636.896618
2025-09-29 09:19:40,0.04793009082502503,,50.6,26167.1919,,94723.0,50.64793009082503,120890.1919
2025-09-29 09:19:45,0.11700043343371573,,50.9,26167.54494,,94977.5,51.017000433433715,121145.04493999999
2025-09-29 09:19:50,0.0,,50.9,26167.795883,,95232.0,50.9,121399.795883
2025-09-29 09:19:55,0.0743124321136189,,50.6,26168.131546,,95485.0,50.674312432113624,121653.131546
2025-09-29 09:20:00,0.04156609583031331,,50.6,26168.470828,,95738.0,50.64156609583031,121906.470828
2025-09-29 09:20:05,0.04584881152377577,,50.8,26168.846739,,95992.0,50.84584881152377,122160.846739
2025-09-29 09:20:10,0.0,,50.6,26169.134057,,96245.0,50.6,122414.134057
2025-09-29 09:20:15,0.05733548830919301,,50.6,26169.501063,,96498.0,50.657335488309194,122667.501063
2025-09-29 09:20:20,0.04263534677357277,,50.8,26169.733089,,96752.0,50.84263534677357,122921.733089
2025-09-29 09:20:25,0.037507197302974304,,50.6,26170.037748000002,,97005.0,50.63750719730297,123175.037748
2025-09-29 09:20:30,0.041652522435542155,,50.6,26170.344412,,97258.0,50.64165252243554,123428.344412
2025-09-29 09:20:35,0.049844084352288584,,50.8,26170.660873999997,,97512.0,50.849844084352284,123682.660874
2025-09-29 09:20:40,0.11827583557278569,,50.8,26170.997175999997,,97766.0,50.918275835572786,123936.997176
2025-09-29 09:20:45,0.04150324009626805,,50.7,26171.253686,,98019.5,50.74150324009627,124190.753686
2025-09-29 09:20:50,0.03947294087135824,,50.5,26171.555351,,98272.0,50.539472940871356,124443.555351
2025-09-29 09:20:55,0.07822949370872828,,50.8,26171.848816,,98526.0,50.87822949370872,124697.848816
2025-09-29 09:21:00,0.09443955578935286,,50.8,26172.132394,,98780.0,50.89443955578935,124952.132394
2025-09-29 09:21:05,0.06022339654538356,,50.6,26172.43459,,99033.0,50.66022339654538,125205.43459
2025-09-29 09:21:10,0.07830965010697542,,50.6,26172.77951,,99286.0,50.678309650106975,125458.77951
2025-09-29 09:21:15,0.03826684598400633,,50.8,26173.083767,,99540.0,50.838266845984,125713.083767
2025-09-29 09:21:20,0.044237601885264516,,50.8,26173.375889000003,,99794.0,50.84423760188526,125967.375889
2025-09-29 09:21:25,0.0541736000698546,,50.6,26173.678453,,100047.0,50.65417360006985,126220.678453
2025-09-29 09:21:30,0.0,,50.6,26173.995321,,100300.0,50.6,126473.995321
2025-09-29 09:21:35,0.03962964325725367,,50.8,26174.316412,,100554.0,50.839629643257254,126728.316412
2025-09-29 09:21:40,0.08300049992006832,,50.8,26174.668051,,100808.0,50.883000499920065,126982.668051
2025-09-29 09:21:45,0.08143906590809499,,50.6,26174.975133,,101061.0,50.681439065908094,127235.975133
2025-09-29 09:21:50,0.0,,50.6,26175.250908,,101314.0,50.6,127489.250908
2025-09-29 09:21:55,0.06347190019069794,,50.7,26175.559309,,101567.5,50.7634719001907,127743.059309
2025-09-29 09:22:00,0.040520516572736004,,50.7,26175.851296999997,,101821.0,50.74052051657274,127996.851297
2025-09-29 09:22:05,0.048020597501861106,,50.7,26176.198802000003,,102074.5,50.74802059750186,128250.698802
2025-09-29 09:22:10,0.09830617641395663,,50.6,26176.540594,,102327.5,50.69830617641396,128504.04059399999
2025-09-29 09:22:15,0.05106341769867381,,50.6,26176.833687000002,,102580.5,50.65106341769867,128757.333687
2025-09-29 09:22:20,0.0,,50.7,26177.142086,,102834.0,50.7,129011.142086
2025-09-29 09:22:25,0.043486571981874875,,50.6,26177.536302,,103087.0,50.643486571981875,129264.536302
2025-09-29 09:22:30,0.0,,50.6,26177.844477,,103340.0,50.6,129517.844477
2025-09-29 09:22:35,0.04994134593085867,,50.9,26178.221363,,103594.5,50.94994134593086,129772.721363
2025-09-29 09:22:40,0.061714047317279044,,50.8,26178.540767,,103848.5,50.86171404731728,130027.040767
2025-09-29 09:22:45,0.0,,50.6,26178.868973,,104101.5,50.6,130280.368973
2025-09-29 09:22:50,0.0,,50.6,26179.198999,,104354.5,50.6,130533.698999
2025-09-29 09:22:55,0.04845472323033993,,50.8,26179.58081,,104608.5,50.84845472323034,130788.08081
2025-09-29 09:23:00,0.05390238985834873,,50.8,26179.9667,,104862.5,50.85390238985835,131042.4667
2025-09-29 09:23:05,0.0709584858980017,,50.7,26180.462853,,105116.0,50.77095848589801,131296.462853
2025-09-29 09:23:10,0.09222018550711482,,50.6,26180.792944,,105369.0,50.69222018550712,131549.792944
2025-09-29 09:23:15,0.057796553543010644,,50.6,26181.145575000002,,105622.0,50.657796553543015,131803.145575
2025-09-29 09:23:20,0.061247350543033034,,50.8,26181.483131999998,,105876.0,50.86124735054303,132057.483132
2025-09-29 09:23:25,0.05309565009514813,,50.6,26181.884566,,106129.0,50.653095650095146,132310.884566
2025-09-29 09:23:30,0.062061999866081415,,50.6,26182.225088,,106382.0,50.66206199986608,132564.225088
2025-09-29 09:23:35,0.08794411355249059,,50.8,26182.562716999997,,106636.0,50.887944113552486,132818.562717
2025-09-29 09:23:40,0.05588394506184021,,50.9,26182.854569000003,,106890.5,50.95588394506184,133073.35456900002
2025-09-29 09:23:45,0.20110713887085166,,50.6,26183.345246999997,,107143.5,50.801107138870854,133326.845247
2025-09-29 09:23:50,0.11888541152353521,,50.6,26183.75172,,107396.5,50.71888541152354,133580.25172
2025-09-29 09:23:55,0.0677197555172964,,50.8,26184.095615,,107650.5,50.86771975551729,133834.595615
2025-09-29 09:24:00,0.0,,50.7,26184.429064,,107904.0,50.7,134088.429064
2025-09-29 09:24:05,0.05289057113380132,,50.5,26184.793012,,108156.5,50.5528905711338,134341.293012
2025-09-29 09:24:10,0.0,,50.6,26185.140205,,108409.5,50.6,134594.640205
2025-09-29 09:24:15,0.10457138292895667,,50.8,26185.530362999998,,108663.5,50.90457138292896,134849.030363
2025-09-29 09:24:20,0.07257913667375357,,50.7,26185.877619,,108917.0,50.772579136673755,135102.877619
2025-09-29 09:24:25,0.0,,50.6,26186.230426000002,,109170.0,50.6,135356.230426
2025-09-29 09:24:30,0.051787661870176055,,50.6,26186.596632,,109423.0,50.65178766187018,135609.596632
2025-09-29 09:24:35,0.0547556310781619,,50.8,26186.961905,,109677.0,50.854755631078156,135863.961905
2025-09-29 09:24:40,0.09400758914474981,,50.7,26187.447165,,109930.5,50.794007589144755,136117.947165
2025-09-29 09:24:45,0.05833102083234839,,50.6,26187.803146,,110183.5,50.65833102083235,136371.303146
2025-09-29 09:24:50,0.05774040193813926,,50.7,26188.222187,,110437.0,50.75774040193814,136625.222187
2025-09-29 09:24:55,0.1057508678056676,,50.8,26188.627916,,110691.0,50.905750867805665,136879.627916
2025-09-29 09:25:00,0.0,,50.6,26188.921382,,110944.0,50.6,137132.921382
2025-09-29 09:25:05,0.17513813459939473,,50.9,26189.3396,,111198.5,51.07513813459939,137387.8396
2025-09-29 09:25:10,0.055064308370426626,,50.8,26189.645475999998,,111452.5,50.85506430837042,137642.145476
2025-09-29 09:25:15,0.0,,50.6,26190.006366,,111705.5,50.6,137895.506366
2025-09-29 09:25:20,0.12371451673126262,,50.8,26190.494433,,111959.5,50.92371451673126,138149.99443299999
2025-09-29 09:25:25,0.14256173417730122,,50.8,26190.837929999998,,112213.5,50.942561734177296,138404.33793
2025-09-29 09:25:30,0.08609167958074479,,50.6,26191.196931000002,,112466.5,50.68609167958075,138657.696931
2025-09-29 09:25:35,0.05738087384627902,,50.6,26191.575255,,112719.5,50.65738087384628,138911.075255
2025-09-29 09:25:40,0.0,,50.8,26191.928642,,112973.5,50.8,139165.428642
2025-09-29 09:25:45,0.06065571394564798,,50.8,26192.340559,,113227.5,50.86065571394565,139419.840559
2025-09-29 09:25:50,0.15362318055120575,,50.7,26192.759367,,113481.0,50.85362318055121,139673.759367
2025-09-29 09:25:55,0.0,,50.6,26193.102269000003,,113734.0,50.6,139927.102269
2025-09-29 09:26:00,0.049019404706488294,,50.9,26193.454575,,113988.5,50.94901940470649,140181.954575
2025-09-29 09:26:05,0.10595411206743867,,50.7,26193.862778,,114242.0,50.80595411206744,140435.862778
2025-09-29 09:26:10,0.05721090944858879,,50.5,26194.201227,,114494.5,50.557210909448585,140688.701227
2025-09-29 09:26:15,0.06336867357645758,,50.8,26194.594227,,114748.5,50.86336867357645,140943.094227
2025-09-29 09:26:20,0.09465202756890506,,50.7,26194.950732,,115002.0,50.79465202756891,141196.950732
2025-09-29 09:26:25,0.05104675748902895,,50.6,26195.231355,,115255.0,50.65104675748903,141450.231355
2025-09-29 09:26:30,0.05144550304986474,,50.6,26195.622769,,115508.0,50.651445503049864,141703.622769
2025-09-29 09:26:35,0.11149426453740229,,50.8,26196.040166,,115762.0,50.9114942645374,141958.040166
2025-09-29 09:26:40,0.1434369960995604,,50.8,26196.375951,,116016.0,50.94343699609956,142212.375951
2025-09-29 09:26:45,0.07982282473734086,,50.6,26196.707493,,116269.0,50.67982282473734,142465.707493
2025-09-29 09:26:50,0.10601725418304642,,50.7,26197.047856,,116522.5,50.80601725418305,142719.547856
2025-09-29 09:26:55,0.05391496445644039,,50.8,26197.378322,,116776.5,50.853914964456436,142973.878322
2025-09-29 09:27:00,0.0,,50.8,26197.724608999997,,117030.5,50.8,143228.224609
2025-09-29 09:27:05,0.14125450842026188,,50.6,26198.18523,,117283.5,50.74125450842026,143481.68523
2025-09-29 09:27:10,0.08766900426456004,,50.7,26198.464905,,117537.0,50.787669004264565,143735.464905
2025-09-29 09:27:15,0.10649300341657418,,50.9,26198.870581,,117791.5,51.00649300341657,143990.370581
2025-09-29 09:27:20,0.11190312441605153,,50.8,26199.211281,,118045.5,50.91190312441605,144244.711281
2025-09-29 09:27:25,0.05197723317751646,,50.6,26199.54565,,118298.5,50.65197723317752,144498.04565
2025-09-29 09:27:30,0.06861957342212577,,50.6,26199.890025,,118551.5,50.66861957342213,144751.390025
2025-09-29 09:27:35,0.08605625766686283,,50.8,26200.230416,,118805.5,50.88605625766686,145005.730416
2025-09-29 09:27:40,0.10319306525654409,,50.6,26200.569091,,119058.5,50.70319306525654,145259.069091
2025-09-29 09:27:45,0.09716546548203639,,50.6,26200.897657,,119311.5,50.69716546548204,145512.397657
2025-09-29 09:27:50,0.061277238570557876,,50.6,26201.237290999998,,119564.5,50.66127723857056,145765.737291
2025-09-29 09:27:55,0.13592059751137267,,50.8,26201.609391,,119818.5,50.93592059751137,146020.109391
2025-09-29 09:28:00,0.047403705906645534,,50.8,26201.885296,,120072.5,50.84740370590664,146274.385296
2025-09-29 09:28:05,0.05250357641346727,,50.6,26202.227938,,120325.5,50.652503576413466,146527.727938
2025-09-29 09:28:10,0.05142643496740966,,50.6,26202.55804,,120578.5,50.65142643496741,146781.05804
2025-09-29 09:28:15,0.12204266099189895,,50.8,26202.926389,,120832.5,50.9220426609919,147035.426389
2025-09-29 09:28:20,0.08886062368430249,,50.7,26203.264479,,121086.0,50.78886062368431,147289.264479
2025-09-29 09:28:25,0.0,,50.6,26203.547558000002,,121339.0,50.6,147542.547558
2025-09-29 09:28:30,0.04669935483343441,,50.8,26203.899236,,121593.0,50.84669935483343,147796.899236
2025-09-29 09:28:35,0.049479862656834996,,50.8,26204.276733,,121847.0,50.849479862656835,148051.276733
2025-09-29 09:28:40,0.12962268001108673,,50.6,26204.647634999998,,122100.0,50.72962268001109,148304.647635
2025-09-29 09:28:45,0.07020306789476008,,50.5,26204.900256,,122352.5,50.57020306789476,148557.400256
2025-09-29 09:28:50,0.05131629361737863,,50.8,26205.220521,,122606.5,50.85131629361737,148811.720521
2025-09-29 09:28:55,0.04751644457806973,,50.7,26205.586965000002,,122860.0,50.747516444578075,149065.586965
2025-09-29 09:29:00,0.090267154618712,,50.6,26205.942893,,123113.0,50.69026715461872,149318.942893
2025-09-29 09:29:05,0.06079742646889169,,50.7,26206.259703,,123366.5,50.7607974264689,149572.759703
2025-09-29 09:29:10,0.0,,50.8,26206.52221,,123620.5,50.8,149827.02221
2025-09-29 09:29:15,0.0533743514842844,,50.6,26206.84598,,123873.5,50.65337435148429,150080.34597999998
2025-09-29 09:29:20,0.04997480599208168,,50.6,26207.203375999998,,124126.5,50.64997480599208,150333.703376
2025-09-29 09:29:25,0.049096055414479464,,50.8,26207.551957,,124380.5,50.84909605541448,150588.051957
2025-09-29 09:29:30,0.06278262417565621,,50.8,26207.846195000002,,124634.5,50.86278262417565,150842.346195
2025-09-29 09:29:35,0.15111455543874666,,50.6,26208.167516999998,,124887.5,50.75111455543875,151095.667517
2025-09-29 09:29:40,0.10089985941914392,,50.6,26208.488831000002,,125140.5,50.700899859419145,151348.988831
2025-09-29 09:29:45,0.08925704169233183,,50.8,26208.791457,,125394.5,50.88925704169233,151603.291457
2025-09-29 09:29:50,0.0,,50.5,26209.106377,,125647.0,50.5,151856.106377
2025-09-29 09:29:55,0.06324276759664257,,50.6,26209.454019999997,,125900.0,50.66324276759664,152109.45402
2025-09-29 09:30:00,0.07318027131851884,,50.7,26209.74781,,126153.5,50.77318027131852,152363.24781
2025-09-29 09:30:05,0.04663592791392992,,50.8,26210.062026000003,,126407.5,50.84663592791393,152617.562026
2025-09-29 09:30:10,0.09448306410308156,,50.6,26210.418318,,126660.5,50.69448306410308,152870.918318
2025-09-29 09:30:15,0.04642548779583519,,50.5,26210.790728,,126913.0,50.54642548779584,153123.790728
2025-09-29 09:30:20,0.04885749924973758,,50.6,26211.04567,,127166.0,50.648857499249736,153377.04567
2025-09-29 09:30:25,0.048228322675522226,,50.8,26211.411171,,127420.0,50.84822832267552,153631.41117099999
2025-09-29 09:30:30,0.04562085680463869,,50.6,26211.714363,,127673.0,50.64562085680464,153884.714363
2025-09-29 09:30:35,0.061356053387400036,,50.6,26212.090949,,127926.0,50.6613560533874,154138.090949
2025-09-29 09:30:40,0.07729696094041143,,50.8,26212.382568,,128180.0,50.877296960940406,154392.382568
2025-09-29 09:30:45,0.09407178510995486,,50.8,26212.687142,,128434.0,50.89407178510995,154646.687142
2025-09-29 09:30:50,0.09638577293141469,,50.6,26213.044368000003,,128687.0,50.696385772931414,154900.044368
2025-09-29 09:30:55,0.09081203885505953,,50.7,26213.329594,,128940.5,50.790812038855066,155153.829594
2025-09-29 09:31:00,0.052584602002654454,,50.8,26213.608549,,129194.5,50.85258460200265,155408.108549
2025-09-29 09:31:05,0.07161568293723287,,50.6,26213.904403,,129447.5,50.67161568293724,155661.404403
2025-09-29 09:31:10,0.09015255696529306,,50.6,26214.252106,,129700.5,50.690152556965295,155914.752106
2025-09-29 09:31:15,0.07135340376296845,,50.8,26214.54958,,129954.5,50.87135340376297,156169.04958
2025-09-29 09:31:20,0.048569918983513,,50.8,26214.855483,,130208.5,50.84856991898351,156423.355483
2025-09-29 09:31:25,0.04271032489927113,,50.6,26215.142483,,130461.5,50.64271032489927,156676.642483
2025-09-29 09:31:30,0.04049630429774236,,50.6,26215.428909,,130714.5,50.64049630429774,156929.928909
2025-09-29 09:31:35,0.0,,50.8,26215.729323,,130968.5,50.8,157184.229323
2025-09-29 09:31:40,0.0,,50.8,26215.986052,,131222.5,50.8,157438.486052
2025-09-29 09:31:45,0.0450203783988053,,50.6,26216.328052999997,,131475.5,50.645020378398804,157691.828053
2025-09-29 09:31:50,0.09660760789354715,,50.6,26216.665236,,131728.5,50.69660760789355,157945.165236
2025-09-29 09:31:55,0.058446098236224014,,50.8,26217.011125,,131982.5,50.85844609823622,158199.511125
2025-09-29 09:32:00,0.14560569385565963,,50.8,26217.350491999998,,132236.5,50.945605693855654,158453.850492
2025-09-29 09:32:05,0.04821124849882191,,50.6,26217.554063,,132489.5,50.648211248498825,158707.054063
2025-09-29 09:32:10,0.04813162289185317,,50.5,26217.889279,,132742.0,50.54813162289185,158959.889279
2025-09-29 09:32:15,0.04792691731908286,,50.8,26218.175263,,132996.0,50.84792691731908,159214.175263
2025-09-29 09:32:20,0.061481254039124765,,50.9,26218.457225,,133250.5,50.96148125403912,159468.957225
2025-09-29 09:32:25,0.0,,50.6,26218.722781,,133503.5,50.6,159722.222781
2025-09-29 09:32:30,0.038130509994199126,,50.5,26219.011918,,133756.0,50.5381305099942,159975.011918
2025-09-29 09:32:35,0.0,,50.8,26219.300891,,134010.0,50.8,160229.300891
2025-09-29 09:32:40,0.052717158406303866,,50.8,26219.620679,,134264.0,50.8527171584063,160483.62067899999
2025-09-29 09:32:45,0.05881426783432539,,50.5,26219.902148,,134516.5,50.55881426783433,160736.402148
2025-09-29 09:32:50,0.09007231166541188,,50.6,26220.193626,,134769.5,50.69007231166541,160989.693626
2025-09-29 09:32:55,0.06727663341860798,,50.8,26220.48245,,135023.5,50.867276633418605,161243.98245
2025-09-29 09:33:00,0.03908631979415286,,50.7,26220.755402000003,,135277.0,50.739086319794154,161497.755402
2025-09-29 09:33:05,0.04656810716544445,,50.6,26221.113280999998,,135530.0,50.64656810716544,161751.113281
2025-09-29 09:33:10,0.0,,50.5,26221.398354,,135782.5,50.5,162003.898354
2025-09-29 09:33:15,0.06700907702875364,,50.8,26221.675386000003,,136036.5,50.86700907702875,162258.17538600002
2025-09-29 09:33:20,0.04778027831245976,,50.8,26221.924377,,136290.5,50.847780278312456,162512.424377
2025-09-29 09:33:25,0.04439701261483894,,50.5,26222.251706,,136543.0,50.54439701261484,162765.251706
2025-09-29 09:33:30,0.0,,50.5,26222.526530000003,,136795.5,50.5,163018.02653
2025-09-29 09:33:35,0.051928295665692056,,50.8,26222.818995999998,,137049.5,50.85192829566569,163272.318996
2025-09-29 09:33:40,0.07826158362669945,,50.8,26223.215431,,137303.5,50.878261583626696,163526.715431
2025-09-29 09:33:45,0.04705568122571566,,50.6,26223.504038,,137556.5,50.647055681225716,163780.004038
2025-09-29 09:33:50,0.046613111245660255,,50.6,26223.820404000002,,137809.5,50.646613111245664,164033.320404
2025-09-29 09:33:55,0.0438944683724157,,50.8,26224.09441,,138063.5,50.84389446837241,164287.59441
2025-09-29 09:34:00,0.0,,50.5,26224.360325999998,,138316.0,50.5,164540.360326
2025-09-29 09:34:05,0.10247511779720292,,44.7,26224.678624,,138539.5,44.80247511779721,164764.178624
2025-09-29 09:34:10,0.05849479942900892,,44.7,26224.886851000003,,138763.0,44.75849479942901,164987.88685100002
2025-09-29 09:34:15,0.058618187059851355,0.0,44.8,26225.170659,0.0,138987.0,44.85861818705985,165212.170659
2025-09-29 09:34:20,0.0,0.0,44.9,26225.407213,0.0,139211.5,44.9,165436.907213
2025-09-29 09:34:25,0.0,0.0,47.0,26225.719048,0.0,139446.5,47.0,165672.219048
2025-09-29 09:34:30,0.06786467823064583,0.0,50.5,26225.959141,0.0,139699.0,50.56786467823065,165924.959141
2025-09-29 09:34:35,0.08196157355630321,0.0,50.6,26226.438173000002,0.0,139952.0,50.68196157355631,166178.438173
2025-09-29 09:34:40,0.10703006251067482,0.0,50.8,26227.352249,0.0,140206.0,50.90703006251067,166433.352249
2025-09-29 09:34:45,0.07458825088549047,0.0,50.6,26227.623549,0.0,140459.0,50.67458825088549,166686.623549
2025-09-29 09:34:50,0.044498811267016346,0.0,50.5,26228.006552000003,0.0,140711.5,50.54449881126702,166939.506552
2025-09-29 09:34:55,0.1338394025589212,0.0,49.6,26228.426136,0.0,140959.5,49.73383940255892,167187.926136
2025-09-29 09:35:00,0.09139887710629586,0.0,49.8,26228.724976,0.0,141208.5,49.89139887710629,167437.224976
2025-09-29 09:35:05,0.043357931693855635,0.0,49.8,26229.017985,0.0,141457.5,49.84335793169385,167686.51798499998
2025-09-29 09:35:10,0.04130383825746884,0.0,49.6,26229.332975999998,0.0,141705.5,49.64130383825747,167934.832976
2025-09-29 09:35:15,0.08937003146064015,0.0,49.6,26229.657374000002,0.0,141953.5,49.68937003146064,168183.157374
2025-09-29 09:35:20,0.0,0.0,49.6,26229.889769,0.0,142201.5,49.6,168431.389769
2025-09-29 09:35:25,0.0682192320234488,0.0,0.0,26230.127623,0.0,142201.5,0.0682192320234488,168431.627623
2025-09-29 09:35:30,0.021096388410309017,0.0,0.0,26230.302429,0.0,142201.5,0.021096388410309017,168431.802429
2025-09-29 09:35:35,0.04986807572288097,0.0,0.0,26230.690058,0.0,142201.5,0.04986807572288097,168432.190058
2025-09-29 09:35:40,0.09928163423654285,0.0,0.0,26231.056679999998,0.0,142201.5,0.09928163423654285,168432.55668
2025-09-29 09:35:45,0.053837615417882775,0.0,0.0,26231.366976999998,0.0,142201.5,0.053837615417882775,168432.866977
2025-09-29 09:35:50,0.04014396574666559,0.0,0.0,26231.589151,0.0,142201.5,0.04014396574666559,168433.089151
2025-09-29 09:35:55,0.03811344479583416,0.0,0.0,26231.894608,0.0,142201.5,0.03811344479583416,168433.394608
2025-09-29 09:36:00,0.04447051195113792,0.0,0.0,26232.261535,0.0,142201.5,0.04447051195113792,168433.761535
2025-09-29 09:36:05,0.04367627056622839,0.0,0.0,26232.658781000002,0.0,142201.5,0.04367627056622839,168434.158781
2025-09-29 09:36:10,0.07069437428917154,0.0,0.0,26233.200539999998,0.0,142201.5,0.07069437428917154,168434.70054
2025-09-29 09:36:15,0.043945136626024194,0.0,0.0,26233.489403,0.0,142201.5,0.043945136626024194,168434.98940299999
2025-09-29 09:36:20,0.09137607186881311,0.0,0.0,26233.878064999997,0.0,142201.5,0.09137607186881311,168435.378065
2025-09-29 09:36:25,0.044082072538669206,0.0,0.0,26234.145596000002,0.0,142201.5,0.044082072538669206,168435.64559600002
2025-09-29 09:36:30,0.045862332442910006,0.0,0.0,26234.607524,0.0,142201.5,0.045862332442910006,168436.107524
2025-09-29 09:36:35,0.0,0.0,0.0,26234.895864,0.0,142201.5,0.0,168436.395864
2025-09-29 09:36:40,0.04011199516782738,0.0,0.0,26235.239579,0.0,142201.5,0.04011199516782738,168436.739579
2025-09-29 09:36:45,0.039393264505392135,0.0,0.0,26235.521063,0.0,142201.5,0.039393264505392135,168437.021063
2025-09-29 09:36:50,0.0,0.0,0.0,26235.799094,0.0,142201.5,0.0,168437.29909400002
2025-09-29 09:36:55,,,0.0,,,142201.5,0.0,142201.5
2025-09-29 09:37:00,0.07845716307633224,0.0,0.0,26236.285623,0.0,142201.5,0.07845716307633224,168437.785623
2025-09-29 09:37:05,0.08038446693101803,0.0,0.0,26236.56612,0.0,142201.5,0.08038446693101803,168438.06612
2025-09-29 09:37:10,0.041306856943318676,0.0,0.0,26236.833956000002,0.0,142201.5,0.041306856943318676,168438.333956
2025-09-29 09:37:15,0.0,0.0,0.0,26237.093415,0.0,142201.5,0.0,168438.593415
2025-09-29 09:37:20,0.15447515425021643,0.0,0.0,26237.46136,0.0,142201.5,0.15447515425021643,168438.96136000002
2025-09-29 09:37:25,0.03183183568986909,0.0,0.0,26237.731146000002,0.0,142201.5,0.03183183568986909,168439.231146
2025-09-29 09:37:30,0.04544791989126036,0.0,0.0,26238.049188,0.0,142201.5,0.04544791989126036,168439.549188
2025-09-29 09:37:35,0.040056259327983054,0.0,0.0,26238.332096000002,0.0,142201.5,0.040056259327983054,168439.832096
2025-09-29 09:37:40,0.05901671594937562,0.0,0.0,26238.607985,0.0,142201.5,0.05901671594937562,168440.107985
2025-09-29 09:37:45,0.058337158176382325,0.0,0.0,26238.948609,0.0,142201.5,0.058337158176382325,168440.448609
2025-09-29 09:37:50,0.08649827689647449,0.0,0.0,26239.268271999998,0.0,142201.5,0.08649827689647449,168440.768272
2025-09-29 09:37:55,0.04507842480873344,0.0,0.0,26239.598538000002,0.0,142201.5,0.04507842480873344,168441.098538
2025-09-29 09:38:00,0.0368422586245432,0.0,0.0,26239.858851,0.0,142201.5,0.0368422586245432,168441.358851
2025-09-29 09:38:05,0.053409773610606316,0.0,0.0,26240.214158000002,0.0,142201.5,0.053409773610606316,168441.71415800002
2025-09-29 09:38:10,0.0,0.0,0.0,26240.506645999998,0.0,142201.5,0.0,168442.006646
2025-09-29 09:38:15,0.04287033105660159,0.0,0.0,26240.822663,0.0,142201.5,0.04287033105660159,168442.322663
2025-09-29 09:38:20,0.08598360517432359,0.0,0.0,26241.127528999998,0.0,142201.5,0.08598360517432359,168442.627529
2025-09-29 09:38:25,0.03889690062298232,0.0,0.0,26241.36791,0.0,142201.5,0.03889690062298232,168442.86791
2025-09-29 09:38:30,0.05519229575133962,0.0,0.0,26241.681568,0.0,142201.5,0.05519229575133962,168443.181568
2025-09-29 09:38:35,0.06766834025267618,0.0,0.0,26241.925866,0.0,142201.5,0.06766834025267618,168443.425866
2025-09-29 09:38:40,0.07761230644424882,0.0,0.0,26242.202945,0.0,142201.5,0.07761230644424882,168443.702945
2025-09-29 09:38:45,0.04137926376040393,0.0,0.0,26242.610099999998,0.0,142201.5,0.04137926376040393,168444.1101
2025-09-29 09:38:50,0.049992229132594886,0.0,0.0,26242.890125,0.0,142201.5,0.049992229132594886,168444.390125
2025-09-29 09:38:55,0.054958996676668745,0.0,0.0,26243.262787,0.0,142201.5,0.054958996676668745,168444.76278699999
2025-09-29 09:39:00,0.0,0.0,0.0,26243.481239,0.0,142201.5,0.0,168444.981239
2025-09-29 09:39:05,0.09495009128277922,0.0,0.0,26243.787897,0.0,142201.5,0.09495009128277922,168445.287897
2025-09-29 09:39:10,0.08783817517856307,0.0,0.0,26244.112089,0.0,142201.5,0.08783817517856307,168445.612089
2025-09-29 09:39:15,0.07784608625800701,0.0,0.0,26244.359361000003,0.0,142201.5,0.07784608625800701,168445.859361
2025-09-29 09:39:20,0.05937387897023227,0.0,0.0,26244.733835000003,0.0,142201.5,0.05937387897023227,168446.233835
2025-09-29 09:39:25,0.08968225773706165,0.0,0.0,26245.013482,0.0,142201.5,0.08968225773706165,168446.513482
2025-09-29 09:39:30,0.07214920125792301,0.0,0.0,26245.278296,0.0,142201.5,0.07214920125792301,168446.778296
2025-09-29 09:39:35,0.03902457457022427,0.0,0.0,26245.567432,0.0,142201.5,0.03902457457022427,168447.067432
2025-09-29 09:39:40,0.04804611985615245,0.0,0.0,26245.863008,0.0,142201.5,0.04804611985615245,168447.36300800001
2025-09-29 09:39:45,0.05044980437173115,0.0,0.0,26246.177463,0.0,142201.5,0.05044980437173115,168447.677463
2025-09-29 09:39:50,0.08066009258533226,0.0,0.0,26246.451237999998,0.0,142201.5,0.08066009258533226,168447.951238
2025-09-29 09:39:55,0.052765606329427756,0.0,0.0,26246.794957000002,0.0,142201.5,0.052765606329427756,168448.294957
2025-09-29 09:40:00,0.0333956429797216,0.0,0.0,26247.045894,0.0,142201.5,0.0333956429797216,168448.545894
2025-09-29 09:40:05,0.04912641870772368,0.0,0.0,26247.40827,0.0,142201.5,0.04912641870772368,168448.90827
2025-09-29 09:40:10,0.061587634816260485,0.0,0.0,26247.677037999998,0.0,142201.5,0.061587634816260485,168449.177038
2025-09-29 09:40:15,0.09205605603133452,0.0,0.0,26247.948773,0.0,142201.5,0.09205605603133452,168449.448773
2025-09-29 09:40:20,0.046399628682582225,0.0,0.0,26248.213498,0.0,142201.5,0.046399628682582225,168449.713498
2025-09-29 09:40:25,0.1104080313863498,0.0,0.0,26248.599866,0.0,142201.5,0.1104080313863498,168450.099866
2025-09-29 09:40:30,0.04513989988140168,0.0,0.0,26248.873039000002,0.0,142201.5,0.04513989988140168,168450.373039
2025-09-29 09:40:35,0.06535835016848654,0.0,0.0,26249.193809,0.0,142201.5,0.06535835016848654,168450.693809
2025-09-29 09:40:40,0.03763967544789511,0.0,0.0,26249.434242,0.0,142201.5,0.03763967544789511,168450.934242
2025-09-29 09:40:45,0.06979263081964422,0.0,0.0,26249.728619,0.0,142201.5,0.06979263081964422,168451.228619
2025-09-29 09:40:50,0.04990331062445275,0.0,0.0,26249.984326,0.0,142201.5,0.04990331062445275,168451.484326
2025-09-29 09:40:55,0.10200804949422068,0.0,0.0,26250.300263999998,0.0,142201.5,0.10200804949422068,168451.800264
2025-09-29 09:41:00,0.07160502391125913,0.0,0.0,26250.634339,0.0,142201.5,0.07160502391125913,168452.134339
2025-09-29 09:41:05,0.06718779810881477,0.0,0.0,26250.929566,0.0,142201.5,0.06718779810881477,168452.429566
2025-09-29 09:41:10,0.04082021724428085,0.0,0.0,26251.220562,0.0,142201.5,0.04082021724428085,168452.720562
2025-09-29 09:41:15,0.07185240886741821,0.0,0.0,26251.482805,0.0,142201.5,0.07185240886741821,168452.982805
2025-09-29 09:41:20,0.055925924079852314,0.0,0.0,26251.745833,0.0,142201.5,0.055925924079852314,168453.245833
2025-09-29 09:41:25,0.13485906669392586,0.0,0.0,26252.08174,0.0,142201.5,0.13485906669392586,168453.58174
2025-09-29 09:41:30,0.07097573458851716,0.0,0.0,26252.30707,0.0,142201.5,0.07097573458851716,168453.80707
2025-09-29 09:41:35,0.04166771398503448,0.0,0.0,26252.585672,0.0,142201.5,0.04166771398503448,168454.08567200002
2025-09-29 09:41:40,0.04403003192116225,0.0,0.0,26252.889229,0.0,142201.5,0.04403003192116225,168454.389229
2025-09-29 09:41:45,0.08824240710937255,0.0,0.0,26253.190204000002,0.0,142201.5,0.08824240710937255,168454.690204
2025-09-29 09:41:50,0.0,0.0,0.0,26253.420885,0.0,142201.5,0.0,168454.920885
2025-09-29 09:41:55,0.05551555468081299,0.0,0.0,26253.673464,0.0,142201.5,0.05551555468081299,168455.173464
2025-09-29 09:42:00,0.0,0.0,0.0,26253.939571000003,0.0,142201.5,0.0,168455.439571
2025-09-29 09:42:05,0.101099482122782,0.0,0.0,26254.342739,0.0,142201.5,0.101099482122782,168455.84273899999
2025-09-29 09:42:10,0.050148026799250775,0.0,0.0,26254.616758,0.0,142201.5,0.050148026799250775,168456.116758
2025-09-29 09:42:15,0.12678232041614823,0.0,0.0,26254.91709,0.0,142201.5,0.12678232041614823,168456.41709
2025-09-29 09:42:20,0.08417904315453024,0.0,0.0,26255.155785000003,0.0,142201.5,0.08417904315453024,168456.655785
2025-09-29 09:42:25,0.033785592864160045,0.0,0.0,26255.468315,0.0,142201.5,0.033785592864160045,168456.968315
2025-09-29 09:42:30,0.08286013441004715,0.0,0.0,26255.79423,0.0,142201.5,0.08286013441004715,168457.29423
2025-09-29 09:42:35,0.1679502298215532,0.0,0.0,26256.100955,0.0,142201.5,0.1679502298215532,168457.600955
2025-09-29 09:42:40,0.0,0.0,0.0,26256.334753,0.0,142201.5,0.0,168457.834753
2025-09-29 09:42:45,0.0418065570134526,0.0,0.0,26256.628838999997,0.0,142201.5,0.0418065570134526,168458.128839
2025-09-29 09:42:50,0.04514264480127952,0.0,0.0,26256.962455,0.0,142201.5,0.04514264480127952,168458.462455
2025-09-29 09:42:55,0.08847445814662187,0.0,0.0,26257.277975,0.0,142201.5,0.08847445814662187,168458.777975
2025-09-29 09:43:00,0.0,0.0,0.0,26257.494131,0.0,142201.5,0.0,168458.994131
2025-09-29 09:43:05,0.06979246435388171,0.0,0.0,26257.841338,0.0,142201.5,0.06979246435388171,168459.341338
2025-09-29 09:43:10,0.04774971255501587,0.0,0.0,26258.178445999998,0.0,142201.5,0.04774971255501587,168459.678446
2025-09-29 09:43:15,0.037972455644416606,0.0,0.0,26258.496744999997,0.0,142201.5,0.037972455644416606,168459.996745
2025-09-29 09:43:20,0.05994654242309154,0.0,0.0,26258.768999,0.0,142201.5,0.05994654242309154,168460.268999
2025-09-29 09:43:25,0.053194948073367616,0.0,0.0,26259.020776999998,0.0,142201.5,0.053194948073367616,168460.520777
2025-09-29 09:43:30,0.06152282274405414,0.0,0.0,26259.285410999997,0.0,142201.5,0.06152282274405414,168460.785411
2025-09-29 09:43:35,0.0374539176133279,0.0,0.0,26259.540591,0.0,142201.5,0.0374539176133279,168461.040591
2025-09-29 09:43:40,0.08169411605864613,0.0,0.0,26259.89404,0.0,142201.5,0.08169411605864613,168461.39403999998
2025-09-29 09:43:45,0.038257601967400516,0.0,0.0,26260.188535999998,0.0,142201.5,0.038257601967400516,168461.688536
2025-09-29 09:43:50,0.06183036961162561,0.0,0.0,26260.452186,0.0,142201.5,0.06183036961162561,168461.952186
2025-09-29 09:43:55,0.06397620501738706,0.0,0.0,26260.726145,0.0,142201.5,0.06397620501738706,168462.226145
2025-09-29 09:44:00,0.034667018421968405,0.0,0.0,26260.980918,0.0,142201.5,0.034667018421968405,168462.480918
2025-09-29 09:44:05,0.041046868193178127,0.0,0.0,26261.332497,0.0,142201.5,0.041046868193178127,168462.832497
2025-09-29 09:44:10,0.13177905741650575,0.0,0.0,26261.720696,0.0,142201.5,0.13177905741650575,168463.220696
2025-09-29 09:44:15,0.09734246179253774,0.0,0.0,26261.97689,0.0,142201.5,0.09734246179253774,168463.47689
2025-09-29 09:44:20,0.0,0.0,0.0,26262.215402,0.0,142201.5,0.0,168463.715402
2025-09-29 09:44:25,0.0,0.0,0.0,26262.507608,0.0,142201.5,0.0,168464.007608
2025-09-29 09:44:30,0.03410828821956312,0.0,0.0,26262.825120999998,0.0,142201.5,0.03410828821956312,168464.325121
2025-09-29 09:44:35,0.0,0.0,0.0,26263.123552999998,0.0,142201.5,0.0,168464.62355299998
2025-09-29 09:44:40,0.06046033082602812,0.0,0.0,26263.491635,0.0,142201.5,0.06046033082602812,168464.99163499998
2025-09-29 09:44:45,0.07212709431544703,0.0,0.0,26263.763841,0.0,142201.5,0.07212709431544703,168465.263841
2025-09-29 09:44:50,0.05347218356962894,0.0,0.0,26264.038281999998,0.0,142201.5,0.05347218356962894,168465.538282
2025-09-29 09:44:55,0.08541196463689685,0.0,0.0,26264.392579,0.0,142201.5,0.08541196463689685,168465.892579
2025-09-29 09:45:00,0.04631544206505667,0.0,0.0,26264.601763,0.0,142201.5,0.04631544206505667,168466.101763
2025-09-29 09:45:05,0.0,0.0,0.0,26264.910713999998,0.0,142201.5,0.0,168466.410714
2025-09-29 09:45:10,0.1480309331118627,0.0,0.0,26265.246084,0.0,142201.5,0.1480309331118627,168466.74608399998
2025-09-29 09:45:15,0.036938114601149805,0.0,0.0,26265.471763999998,0.0,142201.5,0.036938114601149805,168466.971764
2025-09-29 09:45:20,0.0967314059164845,0.0,0.0,26265.802205,0.0,142201.5,0.0967314059164845,168467.302205
2025-09-29 09:45:25,0.05054802879289628,0.0,0.0,26266.061547,0.0,142201.5,0.05054802879289628,168467.561547
2025-09-29 09:45:30,0.0,0.0,0.0,26266.342578,0.0,142201.5,0.0,168467.842578
2025-09-29 09:45:35,0.04239523821424837,0.0,0.0,26266.594657,0.0,142201.5,0.04239523821424837,168468.094657
2025-09-29 09:45:40,0.1314639963762226,0.0,0.0,26267.019106,0.0,142201.5,0.1314639963762226,168468.519106
2025-09-29 09:45:45,0.04144174105323693,0.0,0.0,26267.331403,0.0,142201.5,0.04144174105323693,168468.831403
2025-09-29 09:45:50,0.06687819792067612,0.0,0.0,26267.61415,0.0,142201.5,0.06687819792067612,168469.11415
2025-09-29 09:45:55,0.05457279088588428,0.0,0.0,26267.860768,0.0,142201.5,0.05457279088588428,168469.360768
2025-09-29 09:46:00,0.0684655873703722,0.0,0.0,26268.114485000002,0.0,142201.5,0.0684655873703722,168469.614485
2025-09-29 09:46:05,0.0,0.0,0.0,26268.340766,0.0,142201.5,0.0,168469.840766
2025-09-29 09:46:10,0.1300178545691405,0.0,0.0,26268.718058000002,0.0,142201.5,0.1300178545691405,168470.218058
2025-09-29 09:46:15,0.08342178739034167,0.0,0.0,26268.953783,0.0,142201.5,0.08342178739034167,168470.453783
2025-09-29 09:46:20,0.0756811329574817,0.0,0.0,26269.218552,0.0,142201.5,0.0756811329574817,168470.718552
2025-09-29 09:46:25,0.03366899579096288,0.0,0.0,26269.434558999998,0.0,142201.5,0.03366899579096288,168470.934559
2025-09-29 09:46:30,0.0666332286868847,0.0,0.0,26269.721249000002,0.0,142201.5,0.0666332286868847,168471.221249
2025-09-29 09:46:35,0.08528935802119458,0.0,0.0,26270.014369,0.0,142201.5,0.08528935802119458,168471.514369
2025-09-29 09:46:40,0.10445133002814844,0.0,0.0,26270.387372,0.0,142201.5,0.10445133002814844,168471.887372
2025-09-29 09:46:45,0.11354321035218104,0.0,0.0,26270.695583,0.0,142201.5,0.11354321035218104,168472.195583
2025-09-29 09:46:50,0.045402425107341556,0.0,0.0,26270.954202999998,0.0,142201.5,0.045402425107341556,168472.454203
2025-09-29 09:46:55,0.03734085939945266,0.0,0.0,26271.220950000003,0.0,142201.5,0.03734085939945266,168472.72095
2025-09-29 09:47:00,0.0,0.0,0.0,26271.485713000002,0.0,142201.5,0.0,168472.985713
2025-09-29 09:47:05,0.05401390168137266,0.0,0.0,26271.818686,0.0,142201.5,0.05401390168137266,168473.318686
2025-09-29 09:47:10,0.07710385585327657,0.0,0.0,26272.108738,0.0,142201.5,0.07710385585327657,168473.608738
2025-09-29 09:47:15,0.04214754256647846,0.0,0.0,26272.406892,0.0,142201.5,0.04214754256647846,168473.906892
2025-09-29 09:47:20,0.10978195187707367,0.0,0.0,26272.736765999998,0.0,142201.5,0.10978195187707367,168474.236766
2025-09-29 09:47:25,0.04808985210881353,0.0,0.0,26273.002995,0.0,142201.5,0.04808985210881353,168474.502995
2025-09-29 09:47:30,0.05158966297799619,0.0,0.0,26273.271953,0.0,142201.5,0.05158966297799619,168474.771953
2025-09-29 09:47:35,0.08948799427226545,0.0,0.0,26273.573472,0.0,142201.5,0.08948799427226545,168475.073472
2025-09-29 09:47:40,0.04459544666338875,0.0,0.0,26273.870581,0.0,142201.5,0.04459544666338875,168475.370581
2025-09-29 09:47:45,0.03932894493494844,0.0,0.0,26274.13637,0.0,142201.5,0.03932894493494844,168475.63637
2025-09-29 09:47:50,0.05770145970687645,0.0,0.0,26274.460116000002,0.0,142201.5,0.05770145970687645,168475.960116
2025-09-29 09:47:55,0.0,0.0,0.0,26274.723169,0.0,142201.5,0.0,168476.223169
2025-09-29 09:48:00,0.03447895541259869,0.0,0.0,26275.02605,0.0,142201.5,0.03447895541259869,168476.52605
